NAME,PRICE,CUSINE_CATEGORY,Area,REGION,CUSINE TYPE,TIMING,RATING_TYPE,RATING,VOTES,comfort_food,comfort_food_reasons
Yaa Mohaideen Briyani,1000,North IndianContinentalItalian,Chennai,Pallavaram,Casual Dining,1130am to 1130pm(Mon-Sun),Excellent,4.8,273,none,we dont have comfort 
Sukkubhai Biriyani,300,DessertsBakeryFast FoodSouth Indian,Chennai,Alandur,Quick Bites,730am to 11pm(Mon-Sun),Very Good,4.3,554,chocolate chips ice cream,Stress bored anger
SS Hyderabad Biryani,700,North IndianSouth IndianMithaiStreet FoodDesserts,Chennai,Kodambakkam,Quick Bites,8am to 11pm(Mon-Sun),Very Good,4.4,645,frozen yogurt pizza fast food,stress sadness
KFC,600,North IndianMughlaiRollsChineseFast FoodStreet Food,Chennai,Perambur,Quick Bites,1230pm to 12midnight(MonWedThuFriSat...,Very Good,4.3,894,Pizza Mac and cheese ice cream,Boredom
Tasty Kitchen,500,North IndianFast FoodChineseSouth Indian,Chennai,Perambur,Quick Bites,11am to 1035pm(MonTueWedFriSat)11am to ...,Very Good,4.1,489,Ice cream chocolate chips ,Stress boredom cravings 
Dine N Fun,1600,North IndianChineseContinentalItalianPizza,Chennai,Medavakkam,Casual Dining,12noon to 1155pm(Mon-Sun),Excellent,4.7,294,Candy brownies and soda.,None i dont eat comfort food. I just eat when im hungry.
Bai Veetu Kalyanam,1200,ContinentalNorth IndianChinese,Chennai,Navallur,Casual Dining,4pm to 1am(Mon-Sun),Very Good,4.4,581,Chocolate ice cream french fries pretzels,stress boredom
Cafe Arabica,700,PizzaFast Food,Chennai,Anna Nagar East,Quick Bites,11am to 11pm(Mon-Sun),Good,3.9,583,Ice cream cheeseburgers chips.,I eat comfort food when im stressed out from school(finals week) when I`m sad or when i am dealing with personal family issues.
Savoury Sea Shell,1000,MexicanItalianNorth Indian,Chennai,Anna Nagar East,Casual Dining,1pm to 12midnight(Mon-Sun),Very Good,4.3,608,Donuts ice cream chips,Boredom 
Sangeetha Veg Restaurant,1600,North IndianChineseMughlai,Chennai,T. Nagar,Casual Dining,12noon to 4pm7pm to 1130pm(Mon-Sun),Excellent,4.5,863,Mac and cheese chocolate and pasta ,Stress anger and sadness 
McDonalds,700,ItalianPizza,Chennai,Velachery,Casual Dining,11am to 11pm(Mon-Sun),Very Good,4,547,Pasta grandma homemade chocolate cake anything homemade ,Boredom 
Kovai Alankar Vilas,700,North IndianSouth IndianChineseBakeryMomos,Chennai,Anna Nagar East,Casual Dining,10am to 11pm(Mon-Sun),Very Good,4,368,chocolate pasta soup chips popcorn,sadness stress cold weather
Hotel Al Buhari,1000,ChineseItalianContinentalNorth Indian,Chennai,Vadapalani,Casual Dining,12noon to 1130pm(Mon-Sun),Excellent,4.7,676,Cookies popcorn and chips,Sadness boredom late night snack 
Dindigul Thalappakatti,400,North IndianSouth IndianFast Food,Chennai,Porur,Quick Bites,11am to 11pm(Mon-Sun),Good,3.8,254,ice cream cake chocolate,stress  boredom special occasions
Hotel Paramount,400,DessertsNorth IndianSouth IndianChineseFast FoodStreet Food,Chennai,Kilpauk,Casual Dining,8am to 11pm(Mon-Sun),Very Good,4.1,279,Pizza fruit spaghetti chicken and Potatoes  ,Friends environment and boredom
Welcome Hotel,200,Fast Food,Chennai,Purasavakkam,Quick Bites,1130am to 10pm(Mon-Sun),Good,3.5,40,cookies donuts candy bars,boredom
Arab Street,650,North IndianSouth Indian,Chennai,Ashok Nagar,Casual Dining,9am to 1030pm(Mon-Sun),Good,3.7,79,Saltfish Candy and Kit Kat ,Stress 
Abids,1600,BakeryDesserts,Chennai,Chetpet,Bakery,12noon to 10pm(Mon-Sun),Very Good,4.1,53,chips cookies ice cream,I usually only eat comfort food when Im bored if i am doing something i can go for hours without eating 
Wire Room Bar & Kitchen,100,North Indian,Chennai,Phoenix Market City Velachery,Quick Bites,10am to 9pm(Mon-Sun),Good,3.7,50,Chocolate ice crea ,Sadness stress
Malabar Biriyani Center,400,South Indian,Chennai,Aminijikarai,Casual Dining,11am to 1030pm(MonWedThuFriSatSun)...,Good,3.7,65,pizza wings Chinese,boredom sadness hungry
Velidis,1150,North IndianChineseContinental,Chennai,Ramapuram,Casual Dining,830am to 930pm(MonTueWedThuSatSun)...,Very Good,4,49,Fast food pizza subs,happiness satisfaction
Mami Tiffen Stall,300,Bakery,Chennai,Mylapore,Quick Bites,9am to 10pm(Mon-Sun),Good,3.7,26,chocolate sweets ice cream,Mostly boredom
Supriya Andhra Restaurant,200,TeaStreet Food,Chennai,Thuraipakkam,Quick Bites,12noon to 1030pm(Mon-Sun),Average,3.4,54,burgers chips cookies,sadness depression 
BFF 2.0,600,North Indian,Chennai,RA Puram,Casual Dining,7am to 10pm(Mon-Sun),Good,3.8,51,Chilli soup pot pie,Stress and boredom 
Eating Circles,100,Bakery,Chennai,Alwarpet,Quick Bites,11am to 10pm(Mon-Sun),Good,3.6,56,Soup pasta brownies cake,A long day not feeling well winter 
Salem RR Briyani Unavagam,800,Chinese,Chennai,Velachery,Casual Dining,11am to 10pm(Mon-Sun),Good,3.5,45,chocolate ice cream/milkshake cookies,boredom
V4 Midnight Dhabba,800,North IndianChinese,Chennai,Mogappair,Casual Dining,9am to 930pm(Mon-Sun),Poor,2.4,45,Chips ice cream microwaveable foods ,Boredom lazyniss 
Bakya Veg Restaurant,300,North Indian,Chennai,West Mambalam,Dhaba,11am to 11pm(Mon-Sun),Average,2.8,114,Chicken fingers pizza ,Boredom 
Midnight Madness,150,Fast Food,Chennai,Adyar,Quick Bites,Closed(Mon-Tue)11am to 10pm(Wed-Sun),Good,3.5,68,cookies hot chocolate beef jerky,survival bored
Hotel Crescent,300,North IndianSouth IndianChinese,Chennai,Nungambakkam,Casual Dining,12noon to 1030pm(Mon-Sun),Good,3.6,54,Tomato soup pizza Fritos Meatball sub Dr. Pepper,Boredom anger drunkeness
Zaitoon,200,North Indian,Chennai,Royapettah,Casual Dining,9am to 530pm(Mon-Sat)Closed(Sun),Good,3.7,59,cookies mac-n-cheese brownies french fries ,stress boredom cold weather
Nithya Amirtham,600,North IndianChinese,Chennai,Mylapore,Casual Dining,12noon to 1030pm(Mon-Sun),Good,3.8,51,chips and dip pepsi ,stres boredom and nighttime
Shri Balaajee Bhavan,100,Bakery,Chennai,Chromepet,Bakery,10am to 930pm(Mon-Sun),Good,3.8,48,Grandmas Chinese Peruvian food from back home and sushi,Hunger and Boredom 
Kakada Ramprasad,250,North Indian,Chennai,Kilpauk,Quick Bites,11am to 1030pm(Mon-Sun),Good,3.7,42,Ice cream cookies  Chinese food and chicken nuggets ,boredom sadness and if it has a good taste. 
Rasavid,250,Fast FoodBeveragesItalian,Chennai,Velachery,Quick Bites,11am to 11pm(Mon-Sun),Good,3.8,51,french fries chips ice cream,boredom stressed sad
Buhari,700,North Indian,Chennai,Chromepet,Quick Bites,11am to 11pm(Mon-Sun),Average,3,111,mac n cheese peanut butter and banana sandwich omelet,Boredom usually
Dominos Pizza,300,MithaiNorth Indian,Chennai,Kolathur,Quick Bites,9am to 10pm(Mon-Sat)7am to 824pm(Sun),Average,3.4,37,pizza doughnuts mcdonalds ,boredom
Shree Mithai,300,Desserts,Chennai,Chetpet,Dessert Parlor,8am to 10pm(Mon-Sun),Good,3.8,15,chocolate chips candy,Stress
New Andhra Meals Hotel,1000,North IndianMughlai,Chennai,Valasaravakkam,Casual Dining,8am to 10pm(Mon-Sun),Average,3.4,42,chocolate popcorn ice cream,boredom stress
Punjabi Nation,1000,North IndianChineseContinentalMughlai,Chennai,Guindy,Casual Dining,11am to 3pm630pm to 1030pm(Mon-Sun),Good,3.9,46,"CandyPopChocolate Chipotle Moes ",No reasons 
Krishnas Dosa Kadai,1000,MughlaiNorth Indian,Chennai,Mogappair,Casual Dining,12noon to 1130pm(Mon-Sun),Good,3.6,52,Pizza Ice cream fries cereal cookies  ,Usually if Im sad or depressed. 
Al Sham,300,Biryani,Chennai,Potheri,Quick Bites,9am to 10pm(Mon-Sun),Good,3.6,47,Ice cream chocolate twizzlers ,Tired 
Orange Wok,1000,North IndianContinentalChinese,Chennai,Nungambakkam,Casual Dining,12noon to 4pm630pm to 1030pm(Mon-Sun),Good,3.9,24,ice cream cookie dough cookies cheese,Boredom! sadness
Ghuma Ghumalu,220,Cafe,Chennai,Navallur,Café,11am to 830pm(Mon-Sat)Closed(Sun),Good,3.6,24,ice cream cereal and salt and vinegar chips ,All of the above; sadness boredom and confusion 
KPS Ambur Biriyani,250,North Indian,Chennai,Mogappair,Quick Bites,11am to 10pm(Mon-Sun),Good,3.7,29,Potato chips ice cream chocolate cookies,Stress boredom craving
Pedrenos,300,Bakery,Chennai,Mylapore,Bakery,10am to 10pm(Mon-Sun),Good,3.8,40,Mac and cheese fried chicken cornbread ,Hunger boredom
Madras Biryani,500,South IndianNorth Indian,Chennai,Perambur,Casual Dining,8am to 10pm(Mon-Sun),Good,3.7,26,popcorn chips candy & fries ,sadness boredom & anger 
Palmshore,300,Fast FoodDesserts,Chennai,Egmore,Quick Bites,(Mon-Sun),Good,3.7,31,Chex-mix Wegmans cookies Cheez-Its ,Boredom happiness distraught 
Hotel Sri Vairam,300,North Indian,Chennai,Porur,Quick Bites,11am to 11pm(Mon-Sun),Good,3.5,57,pizza ice cream chips,stressed upset or just craving a cheat meal
Sea Emperor,200,PizzaBurgerBeveragesDesserts,Chennai,Madipakkam,Quick Bites,12noon to 10pm(Mon-Sun),Good,3.5,29,fried chicken. mashed potatoes mac and cheese,They taste better than other food. They are a pickme up. They are easy to make
Andhikkadai,100,Fast Food,Chennai,Velachery,Quick Bites,12noon to 10pm(Mon-Sun),Average,3.1,32,Popcorn Chex Mix Pizza,Stress boredom
Paradise Biryani,600,South IndianNorth IndianChinese,Chennai,Thiruvanmiyur,Casual Dining,11am to 11pm(Mon-Sun),Good,3.5,86,Burger,Lazy
A2B - Adyar Ananda Bhavan,200,Mithai,Chennai,Velachery,Sweet Shop,11am to 9pm(Mon-Sun),Good,3.7,38,Pizza chocolate and ice cream ,Boredom sadness and anger 
Copper Kitchen,300,North Indian,Chennai,Saligramam,Quick Bites,6pm to 11pm(Mon-Sun),Very Good,4,79,fries chips fried chicken pizza grapes,Boredom sadness
Fazari,150,Mithai,Chennai,Chromepet,Sweet Shop,8am to 1030pm(Mon-Sun),Good,3.5,57,peanut butter sandwich pretzals garlic bread,stress anger and boredom
Guntur Gongura,500,Fast Food,Chennai,Sholinganallur,Quick Bites,10am to 10pm(Mon-Sun),Average,3.2,34,chips dip fries pizza,bored stress
Andhra Ruchulu,500,North IndianMughlai,Chennai,Porur,Quick Bites,1030am to 10pm(MonWedThuFriSatSun)...,Good,3.6,44,Pizza Ice Cream Chicken Wings,I usually only eat comfort foods when I am bored. I will also eat them when I am happy to celebrate and then when I am sad to comfort me.
Brownie Heaven,100,Tea,Chennai,Royapettah,Beverage Shop,8am to 9pm(Mon-Sun),Good,3.7,29,Pizza chocolate chips bagels ice Capps ,Just cause 
Hotel Junior Kuppanna,100,Beverages,Chennai,T. Nagar,Beverage Shop,10am to 10pm(Mon-Sun),Average,3.4,15,Chocolate ice cream pasta,Stress boredom sadness
Mezze,800,North IndianChineseContinentalSouth Indian,Chennai,Alwarpet,Casual Dining,10am to 10pm(Mon-Sun),Good,3.5,44,Mac n Cheese. Chips and salsa. Ice cream. ,Boredom. Celebration. 
Pantry dor,400,North Indian,Chennai,Anna Nagar East,Casual Dining,1030am to 1030pm(Mon-Sun),Average,3.4,36,peanut butter dessets pretzels. ,Sadness boredom lonely.
Maggevala - Curly Cravings,1800,North IndianChineseContinental,Chennai,Kilpauk,Fine Dining,12noon to 1030pm(Mon-Sun),Good,3.6,19,Macaroons truffles peanut butter n chocolate ice cream,I do not really eat comfort food but I guess sadness special occasions and anxiety 
Amadora Gourmet Ice Cream & Sorbet,300,Mithai,Chennai,Nungambakkam,Sweet Shop,8am to 10pm(Mon-Sun),Good,3.8,47,ice cream cookies ice cream,boredom sadness
Eatza Pizza,1200,North IndianChineseContinental,Chennai,Nungambakkam,Casual Dining,9am to 1030pm(Mon-Sun),Average,3.3,24,carrots and ranch pretzels dark chocolate ,sadness
Samco,200,BakeryDesserts,Chennai,Velachery,Bakery,10am to 10pm(Mon-Sun),Good,3.5,13,cookies nutella ice cream coffee fruit ,Bordem happiness sadness
Sree Akshayam,300,Fast Food,Chennai,Anna Nagar East,Quick Bites,12noon to 3pm7pm to 9pm(Mon-Sun),Good,3.5,14,mac and cheese,boredom
Biriyani Palace,200,PizzaBurger,Chennai,Porur,Quick Bites,1130am to 1030pm(Mon-Sun),Good,3.5,15,Chocolate Popcorn Icecream,sadness
Pumpkin Tales,600,North Indian,Chennai,Alwarpet,Casual Dining,7am to 10pm(Mon-Sun),Average,3.2,24,Ice cream cake mozzarella sticks pierogies ,Boredom
Sandys Chocolate Laboratory,100,Burger,Chennai,Nungambakkam,Quick Bites,1030am to 1030pm(Mon-Sun),Good,3.6,18,Chips Mac and cheese pizza French fries ,Stress sadness bored 
Hotel Saravana Bhavan,200,MithaiStreet Food,Chennai,Perungudi,Sweet Shop,8am to 8pm(Mon-Sun),Average,3,33,Pizza burritos slim jims,Boredom stress and it tastes good
Little Italy,250,North Indian,Chennai,Besant Nagar,Quick Bites,11am to 1130pm(MonTueWedThuSat)11am to ...,Good,3.7,97,Broccoli spaghetti squash quinoa and grilled chicken,Bad day bored sadness
Ciclo Cafe,250,Bakery,Chennai,Kotturpuram,Bakery,11am to 10pm(Mon-Sun),Good,3.6,19,Chocolate ice cream cookie dough,Boredom being in your period and long bus rides for softball
Deen Biriyani,200,North Indian,Chennai,Aminijikarai,Bhojanalya,9am to 930pm(Mon-Sun),Average,3.4,23,pizza pretzels fruit snacks deli sandwhich,boredom anger happy
Big Bang Theory - Bar & Kitchen,200,Fast Food,Chennai,Kodambakkam,Quick Bites,4pm to 10pm(Mon-Sun),Good,3.5,20,Chips ice cream,Boredom stress
Onesta,300,North IndianSouth IndianContinental,Chennai,Semmancheri,Quick Bites,11am to 1030pm(Mon-Sun),Average,3.4,15,nan,nan
Fusilli Reasons,900,Fast FoodContinentalIndian,Chennai,Kilpauk,Quick Bites,11am to 10pm(Mon-Sun),Average,3,20,mac and cheese potato soup ice cream chips and cheese,sadness stressed boredom
Food @ Finger,200,BakeryFast Food,Chennai,Royapuram,Bakery,10am to 10pm(Mon-Sun),Good,3.5,15,chocolate pizza and mashed potatoes,boredom and stress
Al Dhareeq Beef Biriyani,100,Biryani,Chennai,Kodambakkam,Kiosk,11am to 6pm(Mon-Sun),Good,3.5,22,Pizza cookies steak ,Boredom comfort hunger 
Shri Rajasthani Dhaba,1000,North IndianChineseContinentalMughlai,Chennai,Anna Nagar West,Casual Dining,11am to 11pm(Mon-Sun),Good,3.6,77,chocolate fruit and ice cream,stress boredom
Lucky Da Punjabi Dhabba,600,MithaiFast Food,Chennai,Perungudi,Sweet Shop,915am to 9pm(Mon-Sun),Average,3.4,14,Chips sweets popcorn,Boredom
Al-Najeeb Nawab Of Kebab,200,BakeryFast Food,Chennai,Kilpauk,Confectionery,10am to 10pm(Mon-Sun),Average,3.2,21,Cookies burgers chicken noodle soup ice cream,happiness hunger sadness
Skewered,100,Momos,Chennai,Valasaravakkam,Quick Bites,6pm to 10pm(Mon-Sun),Good,3.5,23,cake French fries chicken nuggets,boredom sadness
Burger King,100,MithaiStreet Food,Chennai,Phoenix Market City Velachery,Sweet Shop,9am to 10pm(Mon-Sun),Average,2.7,30,pizza ice cream cookies,boredom
Biryani House,300,Fast Food,Chennai,Mogappair,Quick Bites,10am to 10pm(Mon-Sun),Average,3.3,23,Mashed potatoes pasta,Boredom sadness or with friends 
Shaack,150,Fast Food,Chennai,Anna Nagar East,Quick Bites,11am to 9pm(Mon-Sun),Average,3.3,8,Pasta dishes Cheesecake Pancakes,Sadness Loneliness Boredom
Bazaar - All Day Diner - Grand by GRT Hotels,300,Fast Food,Chennai,Grand by GRT Hotels,Quick Bites,11am to 1030pm(Mon-Sun),Average,3,21,Ice cream pizza cookies,Mostly Stress
Hotel Pandian,100,Street Food,Chennai,Mogappair,Quick Bites,10am to 1030pm(Mon-Sun),Average,3.2,20,Chinese food moes sponge candy homemade lasagne ,boredom sadness 
Al Raabias Biriyani,300,BeveragesDessertsIce Cream,Chennai,Perambur,Dessert Parlor,12noon to 10pm(Mon-Sun),Average,2.5,18,pizza pasta mac and cheese,when i am sad or craving
Soy Soi,100,Street Food,Chennai,Kotturpuram,Quick Bites,6pm to 10pm(Mon-Sun),Good,3.8,20,Little Debbie snacks donuts pizza,None
Coal Barbecues,100,BakeryCafe,Chennai,Velachery,Quick Bites,10am to 930pm(Mon-Sun),Average,3.4,12,carrots plantain chips almonds popcorn ,stress boredom college as whole 
Hot Pot China,500,Bakery,Chennai,Perungudi,Quick Bites,1030am to 1030pm(Mon-Sun),Average,3,16,chips ice cream fruit snacks,boredom
Thaqwa Biryani,400,Mithai,Chennai,Ambattur,Sweet Shop,(Mon-Sun),Average,3.4,12,Macaroni and cheese chicken noodle soup pizza,Boredom and stress
Fruit Shop On Greams Road,400,MithaiDessertsStreet Food,Chennai,Thousand Lights,Sweet Shop,9am to 9pm(Mon-Sun),Average,3.3,14,Chocolate Chips Ice cream French Fires Pizza,Stress sadness boredom
Kappa Chakka Kandhari,200,BakeryFast Food,Chennai,Nungambakkam,Bakery,11am to 930pm(MonWedThuFriSatSun)2pm...,Average,3.3,12,Mac and cheese lasagna Chinese food ,Boredom sadness
BOATS - Based On A True Story,650,North IndianChineseContinental,Chennai,Besant Nagar,Casual Dining,7am to 10pm(Mon-Sun),Average,3,17,candy Chinese mcdonalds,laziness and hungover
Amelies,300,WrapsSandwichBurgerFast Food,Chennai,Alwarpet,Quick Bites,11am to 10pm(Mon-Sun),Average,3.3,16,Doritos mac and cheese ice cream,Boredom hunger snacking.
Urban Spatula,250,North IndianChinese,Chennai,Anna Nagar West,Quick Bites,1pm to 10pm(Mon-Sun),Average,3.4,22,Ice cream cake pop pizza and milkshakes.,Happiness sadness celebration.
Madurai Kumar Mess,900,North IndianChineseContinental,Chennai,Vadapalani,Casual Dining,7am to 10pm(Mon-Sun),Average,2.7,17,Mac and Cheese Pizza Ice Cream and French Fries ,Boredom anger and just being hungry in general.
Oxygen,200,ChineseFast Food,Chennai,Potheri,Quick Bites,10am to 1030pm(Mon-Sun),Good,3.5,33,Soup pasta cake,Depression comfort accessibility 
Shree Konar Vilas,150,Fast Food,Chennai,Purasavakkam,Quick Bites,12noon to 1030pm(MonWedThuFriSatSun)...,Average,3.2,11,mac & cheese frosted brownies chicken nuggs,they are yummy my boyfriend sometimes makes me sad boredom
Subway,500,CafeFast Food,Chennai,Anna Nagar West,Café,9am to 11pm(Mon-Sun),Good,3.9,96,watermelon grapes ice cream,Sad bored excited
Pind,250,Mithai,Chennai,Velachery,Sweet Shop,8am to 9pm(Mon-Sun),Average,3.2,4,macaroni and cheese stuffed peppers hamburgers french fries,boredom stress mood swings
Mainland China,500,North IndianChineseItalian,Chennai,Phoenix Market City Velachery,Lounge,12noon to 12midnight(Mon-Sun),Very Good,4,44,Pizza mashed potatoes spaghetti,Anger sadness
Kumarakom,100,Fast Food,Chennai,Velachery,Quick Bites,11am to 10pm(Mon-Sun),Good,3.6,24,dark chocolate terra chips reeses cups(dark chocolate) and bread/crackers with cottage cheese,Anxiousness watching TV I desire comfort food 
City Square Cafeteria,500,North IndianChineseSouth IndianFast Food,Chennai,Egmore,Casual Dining,11am to 1030pm(Mon-Sun),Average,2.8,29,Chips chocolate mozzarella sticks ,Boredom sadness anxiety
Bhangra,250,Pizza,Chennai,Mayajaal Multiplex Kanathur,Quick Bites,12noon to 10pm(Mon-Sun),Average,3.3,9,ice cream chips candy,Boredom laziness anger
Twilight Take Out,100,Fast Food,Chennai,Nungambakkam,Quick Bites,9am to 10pm(Mon-Sun),Average,3.3,25,Pizza soda chocolate brownie chicken tikka masala and butter naan ,Stress and sadness
The Red Box,200,Fast Food,Chennai,Anna Nagar West,Quick Bites,9am to 10pm(Mon-Sun),Average,3.4,20,Chocolate Pasta Cookies,I am always stressed out and bored when I am in my apartment. 
Rayars Mess,350,North Indian,Chennai,Mylapore,Quick Bites,8am to 10pm(Mon-Sun),Average,3.2,7,Candy salty snacks toast,Stress sadness boredom
Hotel Safari,500,Fast Food,Chennai,Royapettah,Quick Bites,10am to 10pm(Mon-Sun),Average,3.4,11,Mac in cheese pizza mozzarella sticks ,Stress frustration self-consciousness 
VB Signature,300,Cafe,Chennai,Nungambakkam,Café,9am to 10pm(Mon-Sun),Average,2.8,21,Ice-cream pizza chocolate,Sadness and cravings
Blind Ch3mistry,800,North IndianChineseContinental,Chennai,Nungambakkam,Casual Dining,730am to 1030pm(Mon-Sun),Average,3,15,snacks chips ,boredom
Fishermans Fare,400,Cafe,Chennai,Egmore,Café,12noon to 11pm(Mon-Sun),Average,3.4,7,Chocolate Ice cream pizza,Sadness happiness and boredom
Madras2Chennai,700,CafeNorth IndianChineseContinental,Chennai,Washermenpet,Café,7am to 1030pm(Mon-Sun),Average,3.2,22,ice cream pizza Chinese food ,Boredom and sadness
Charminar Biriyani Centre,200,RajasthaniNorth Indian,Chennai,Royapettah,Quick Bites,12noon to 10pm(Mon-Sun),Average,3.1,8,"Burgers indian and korean food",sadness happiness and hunger
North East Kitchen,200,Fast Food,Chennai,Egmore,Quick Bites,11am to 9pm(Mon-Sun),Good,3.6,21,chocolate bar ice cream pretzels potato chips and protein bars.,Stress boredom and physical activity
AlMaza,200,Fast Food,Chennai,Anna Nagar East,Quick Bites,11am to 10pm(Mon-Sun),Average,3.4,12,Ice cream chocolate pizza cucumber ,loneliness homework boredom 
Jonahs Bistro,350,ChineseFast Food,Chennai,Besant Nagar,Quick Bites,10am to 930pm(Mon-Sun),Average,3.3,17,"Noodle ( any kinds of noodle) Tuna sandwich and Egg.",When im  eating with my close friends/ Food smell or look good/ when I feel tired
Barbeque Nation,200,Fast Food,Chennai,Porur,Quick Bites,6pm to 10pm(Mon-Sun),Average,3.3,8,Chinese chips cake,Stress and boredom 
Mughal Biriyani,100,Fast Food,Chennai,Besant Nagar,Quick Bites,11am to 10pm(Mon-Sun),Average,3.4,16,chips rice chicken curry,Happiness boredom social event
Loiee Mithai & Rasoi,400,BurgerFast Food,Chennai,Selaiyur,Quick Bites,1130am to 10pm(Mon-Sun),Average,2.8,18,wine. mac and cheese pizza ice cream ,boredom and sadness 
Roll Over,500,South IndianNorth IndianBeverages,Chennai,Anna Nagar East,Casual Dining,8am to 1030pm(Mon-Sun),Average,3.4,14,Pizza / Wings / Cheesecake,Loneliness / Homesick / Sadness
Pizza Hut,200,Burger,Chennai,Nungambakkam,Quick Bites,1130am to 1030pm(Mon-Sun),Average,3.1,9,rice potato seaweed soup,sadness
Ratna Cafe,100,North Indian,Chennai,Kilpauk,Quick Bites,7am to 10pm(Mon-Sun),Average,3.2,6,Mac n Cheese Lasagna Pizza,happiness they are some of my favorite foods
Masaledaar Desi Rasoi,100,Fast FoodNorth Indian,Chennai,Egmore,Quick Bites,9am to 9pm(Mon-Sun),Average,3.3,8,Chocolates pizza and Ritz.,hormones Premenstrual syndrome.
The Big Barbeque,150,Fast FoodChinese,Chennai,Old Mahabalipuram Road (OMR),Food Truck,530pm to 10pm(Mon-Sun),Average,3.4,13,sausage food product,Stress bored anger
The Feast,200,Fast Food,Chennai,Anna Nagar East,Quick Bites,5pm to 10pm(Mon-Sun),Average,3.2,5,hot dog,stress sadness
Seasonal Tastes,200,Street FoodWrapsBurger,Chennai,The Westin Chennai Velachery,Quick Bites,1030am to 1030pm(Mon-Sun),Average,3.3,4,egg food product,Boredom
601 - The Park,500,BiryaniChineseMughlaiIndian,Chennai,The Park Nungambakkam,Casual Dining,930am to 1030pm(Mon-Sun),Average,3.3,9,white grapefruit juice,Stress boredom cravings 
Plutos Restaurant,200,Fast Food,Chennai,Choolaimedu,Quick Bites,7am to 1030pm(Mon-Sun),Average,3.4,13,peach (whole raw),None i dont eat comfort food. I just eat when im hungry.
The Chinese Story,150,Fast Food,Chennai,Porur,Quick Bites,10am to 10pm(Mon-Sun),Average,3.3,9,Chinese gooseberry,stress boredom
Nellai Vairamaligai,150,Fast FoodBakery,Chennai,T. Nagar,Quick Bites,1030am to 10pm(Mon-Sun),Average,3.3,9,Kaju katli,I eat comfort food when im stressed out from school(finals week) when I`m sad or when i am dealing with personal family issues.
Vrindavan,200,BakeryDesserts,Chennai,New Woodlands Hotel Mylapore,Bakery,9am to 9pm(Mon-Sun),Average,3.1,4,Kalakand,Boredom 
Azzuri Bay,300,Fast Food,Chennai,Adyar,Quick Bites,2pm to 10pm(Mon-Sun),Average,3.3,12,Kheer,Stress anger and sadness 
Crisp Cafe,300,Fast Food,Chennai,Nungambakkam,Quick Bites,11am to 10pm(Mon-Sun),Average,3.2,9,Laddu,Boredom 
Thambi Vilas,350,ChineseIndianNorth Indian,Chennai,T. Nagar,Quick Bites,10am to 1030pm(Mon-Sun),Average,3.2,14,Lassi,sadness stress cold weather
Fresh Baked Goodness,400,RollsChineseMomos,Chennai,Abhiramapuram,Quick Bites,5pm to 11pm(MonWedThuFriSatSun)Closed...,Good,3.6,96,Nankhatai,Sadness boredom late night snack 
Double Roti,200,North Indian,Chennai,Anna Nagar East,Quick Bites,11am to 5pm(Mon-Sun),Average,3,6,Petha,stress  boredom special occasions
Bombay Lassi,400,North Indian,Chennai,Triplicane,Casual Dining,12noon to 10pm(Mon-Sun),Average,3.1,6,Phirni,Friends environment and boredom
The Fat Boy,100,Fast Food,Chennai,Alwarpet,Quick Bites,11am to 10pm(Mon-Sun),Average,3.3,12,Rabri,boredom
Chokhi Dhani,800,North IndianChinese,Chennai,Poonamalle,Casual Dining,7am to 9pm(Mon-Sun),Average,2.9,5,Sheera,Stress 
Cream Centre,150,Fast FoodItalian,Chennai,RA Puram,Quick Bites,1130am to 10pm(Mon-Sun),Average,3.3,13,Singori,I usually only eat comfort food when Im bored if i am doing something i can go for hours without eating 
Ente Keralam,350,BakeryFast Food,Chennai,Alwarpet,Quick Bites,10am to 10pm(Mon-Sun),Average,3.1,13,Sohan halwa,Sadness stress
Ashvita Bistro,150,North Indian,Chennai,Alwarpet,Quick Bites,7am to 10pm(Mon-Sun),Average,3.3,10,Sohan papdi,boredom sadness hungry
Coco Jaunt 1728,300,North Indian,Chennai,Anna Nagar East,Dhaba,1030am to 1130pm(Mon-Sun),Good,3.9,225,Chhena jalebi,happiness satisfaction
Cream & Fudge,1500,CafeItalianChineseContinentalNorth Indian,Chennai,Nungambakkam,Café,11am to 12midnight(Mon-Sun),Very Good,4.3,441,Chhena kheeri,Mostly boredom
The Kati Roll Shop,850,North IndianMughlai,Chennai,Gopalapuram,Casual Dining,1240pm to 1145pm(MonWedThuFriSatSun)...,Good,3.9,270,Rasabali,sadness depression 
Atho Man,500,Healthy FoodSandwichSalad,Chennai,Royapuram,Quick Bites,24,Very Good,4.1,253,Ras malai,Stress and boredom 
Wild Garden Cafe - Amethyst,250,North Indian,Chennai,Royapettah,Dhaba,1030am to 11pm(Mon-Sun),Very Good,4,341,Rasgulla,A long day not feeling well winter 
Kaidi Kitchen,1000,North IndianMughlai,Chennai,Mylapore,Casual Dining,12noon to 12midnight(Mon-Sun),Very Good,4.2,494,Sandesh,boredom
Rain Forest,1000,CafeItalianMexicanNorth IndianContinental,Chennai,Adyar,Café,1230pm to 11pm(Mon-Sun),Very Good,4.2,263,Adhirasam,Boredom lazyniss 
Hub at ECR,1000,CafeChineseThaiContinentalItalianBakeryDesserts,Chennai,East Coast Road (ECR),Café,7am to 12midnight(Mon-Sun),Very Good,4.3,261,Ariselu,Boredom 
Pause Bar & Kitchen,600,North Indian,Chennai,OMR Food Street Kandanchavadi,Quick Bites,15pm to 1050pm(Mon-Sun),Very Good,4.1,321,Bandar laddu,survival bored
The Bayleaf,900,RajasthaniGujaratiMughlai,Chennai,Gopalapuram,Casual Dining,1130am to 3pm7pm to 11pm(Mon-Sun),Good,3.7,240,Chikki,Boredom anger drunkeness
Nair Mess,1600,North IndianChineseMexicanItalian,Chennai,Triplicane,Fine Dining,12noon to 1130pm(Mon-Sun),Excellent,4.6,224,Dharwad pedha,stress boredom cold weather
The Sandwich Shop,500,North Indian,Chennai,West Mambalam,Quick Bites,10am to 11pm(Mon-Sun),Very Good,4.2,262,Double ka meetha,stres boredom and nighttime
SpiceKlub,200,North Indian,Chennai,Nungambakkam,Quick Bites,11am to 12midnight(Mon-Sun),Very Good,4,138,Gavvalu,Hunger and Boredom 
Amdavadi,700,North IndianFast Food,Chennai,T. Nagar,Casual Dining,8am to 11pm(Mon-Sun),Very Good,4,316,Kakinada khaja,boredom sadness and if it has a good taste. 
BurgerMan,800,Indian,Chennai,Besant Nagar,Casual Dining,1230pm to 1045pm(Mon-Sun),Good,3.7,250,Kuzhi paniyaram,boredom stressed sad
Superstar Pizza,250,BurgerFast Food,Chennai,Anna Nagar East,Quick Bites,11am to 11pm(Mon-Sun),Good,3.9,82,Mysore pak,Boredom usually
Courtallam Border Rahmath Kadai,400,Bakery,Chennai,T. Nagar,Quick Bites,9am to 9pm(Mon-Sun),Average,3.1,4,Obbattu holige,boredom
Grasshopper - Green Meadows Resort,200,Fast Food,Chennai,Green Meadows Resorts Palavakkam,Quick Bites,9am to 9pm(Mon-Sun),Average,3.3,8,Palathalikalu,Stress
Starbucks Coffee,150,DessertsBakery,Chennai,Phoenix Market City Velachery,Bakery,11am to 9pm(Mon-Sun),Average,3.1,4,Poornalu,boredom stress
Momo Sa-Khang by Kailash Kitchen,500,North IndianFast Food,Chennai,Choolaimedu,Casual Dining,9am to 10pm(Mon-Sun),Average,2.9,7,Pongal,No reasons 
La Chocolate,300,Bakery,Chennai,Egmore,Bakery,11am to 10pm(Mon-Sun),Average,2.9,6,Pootharekulu,Usually if Im sad or depressed. 
Copper Chimney,250,BakeryFast Food,Chennai,Gopalapuram,Bakery,1030am to 1030pm(Mon-Sun),Average,3.2,10,Qubani ka meetha,Tired 
Cibo,800,Bakery,Chennai,Ashok Nagar,Bakery,9am to 9pm(Mon-Sun),Average,3.2,6,Sheer korma,Boredom! sadness
Pupil,200,Bakery,Chennai,TNHB Complex Besant Nagar,Dessert Parlor,6am to 10pm(Mon-Sun),Average,3,4,Unni Appam,All of the above; sadness boredom and confusion 
Olive and Basil,450,North IndianSouth IndianChinese,Chennai,Adyar,Casual Dining,7am to 1030pm(Mon-Sun),Average,2.8,9,Kajjikaya,Stress boredom craving
Eden,250,North IndianChineseFast Food,Chennai,Besant Nagar,Quick Bites,11am to 10pm(Mon-Sun),Average,3.1,4,Anarsa,Hunger boredom
The Bark,900,North IndianContinental,Chennai,Alwarpet,Casual Dining,11am to 11pm(Mon-Sun),Very Good,4.1,27,Basundi,sadness boredom & anger 
Grill Box - Unlimited BBQ,1000,North IndianChinese,Chennai,Mylapore,Casual Dining,7am to 1030pm(Mon-Sun),Average,2.8,7,Dhondas,Boredom happiness distraught 
Animal Kingdom,400,Ice CreamDessertsBeverages,Chennai,Adyar,Dessert Parlor,11am to 11pm(Mon-Sun),Very Good,4,50,Doodhpak,stressed upset or just craving a cheat meal
Bombay Brasserie,700,North IndianSouth IndianChinese,Chennai,Nungambakkam,Casual Dining,12noon to 1030pm(Mon-Sun),Average,3.2,7,Mahim halwa,They taste better than other food. They are a pickme up. They are easy to make
Delhi Highway,300,Fast Food,Chennai,Nungambakkam,Quick Bites,9am to 10pm(Mon-Sun),Average,3.2,5,Modak,Stress boredom
Cake Walk,200,Fast FoodBakery,Chennai,Nungambakkam,Bakery,8am to 10pm(Mon-Sun),Average,3.2,7,Shankarpali,Lazy
Eatalica,400,Mithai,Chennai,RA Puram,Sweet Shop,930am to 9pm(Mon-Sun),Average,3.2,5,Shrikhand,Boredom sadness and anger 
Basil With A Twist,200,Street Food,Chennai,T. Nagar,Quick Bites,4pm to 10pm(Mon-Sun),Average,3.3,8,Sutar feni,Boredom sadness
Royal Sandwich Shop,300,North Indian,Chennai,Alwarpet,Quick Bites,11am to 10pm(Mon-Sun),Average,3.1,4,Maach Jhol,stress anger and boredom
Links,100,Rolls,Chennai,Purasavakkam,Kiosk,6pm to 10pm(Mon-Sun),Average,3.2,8,Pork Bharta,bored stress
Nungambakkam Bismi Biriyani,150,Fast Food,Chennai,Nungambakkam,Quick Bites,11am to 10pm(Mon-Sun),Average,3.1,4,Chak Hao Kheer,I usually only eat comfort foods when I am bored. I will also eat them when I am happy to celebrate and then when I am sad to comfort me.
Sigree,500,Cafe,Chennai,Adyar,Café,1230pm to 11pm(Mon-Sun),Good,3.5,55,Galho,Just cause 
Tovo,400,North IndianFast Food,Chennai,Mylapore,Casual Dining,5pm to 10pm(Mon-Sun),Average,3.2,5,Aloo gobi,Stress boredom sadness
Babal Da Punjabi Dabha,1000,North IndianMughlai,Chennai,Egmore,Casual Dining,8am to 10pm(Mon-Sun),Average,2.8,5,Aloo tikki,Boredom. Celebration. 
Gossip Fusion Bistro,100,North Indian,Chennai,Kanathur,Quick Bites,9am to 8pm(Mon-Sun),Average,3.2,6,Aloo matar,Sadness boredom lonely.
East Coast at Madras Square,250,North IndianFast Food,Chennai,Neelangarai,Quick Bites,7am to 1030pm(Mon-Sun),Average,2.9,4,Aloo methi,I do not really eat comfort food but I guess sadness special occasions and anxiety 
Brick House Bistro,250,Mithai,Chennai,Anna Nagar East,Sweet Shop,7am to 10pm(Mon-Sun),Average,3.1,5,Aloo shimla mirch,boredom sadness
J.Hind - Grand by GRT Hotels,200,BiryaniFast Food,Chennai,Grand by GRT Hotels,Quick Bites,11am to 6pm(Mon-Sun),Average,3.2,4,Bhatura,sadness
Honey Spice,200,Fast Food,Chennai,GST Road,Quick Bites,5pm to 10pm(Mon-Sun),Average,3.1,6,Bhindi masala,Bordem happiness sadness
The Summer House Eatery,1000,North IndianChineseMughlaiContinental,Chennai,Alwarpet,Casual Dining,830am to 10pm(Mon-Sun),Average,2.8,4,Biryani,boredom
Chamiers Cafe,200,North Indian,Chennai,RA Puram,Quick Bites,11am to 10pm(Mon-Sun),Average,3.2,5,Butter chicken,sadness
Writers Cafe,350,North IndianFast Food,Chennai,Gopalapuram,Quick Bites,9am to 3pm7pm to 10pm(Mon-Sun),Average,3.2,5,Chana masala,Boredom
Kabab Corner,1000,ChineseNorth IndianFast Food,Chennai,Egmore,Casual Dining,630am to 1030pm(Mon-Sun),Average,3.1,4,Chapati,Stress sadness bored 
Flower Drum,500,CafeContinentalItalian,Chennai,Egmore,Café,1030am to 11pm(Mon-Sun),Very Good,4.1,216,Chicken razala,Boredom stress and it tastes good
Fromage,700,Fast Food,Chennai,MRC Nagar,Quick Bites,1130am to 11pm(Mon-Sun),Very Good,4.1,100,Chicken Tikka masala,Bad day bored sadness
The Marina,200,BakeryFast Food,Chennai,Nungambakkam,Dessert Parlor,10am to 11pm(Mon-Sun),Very Good,4.4,228,Chicken Tikka,Boredom being in your period and long bus rides for softball
Crimson Chakra,400,North IndianFast FoodSouth Indian,Chennai,Adyar,Quick Bites,11am to 11pm(Mon-Sun),Good,3.8,231,Chole bhature,boredom anger happy
The Moon And Sixpence - Hablis Hotel,600,CafeChineseFinger FoodNorth Indian,Chennai,Hablis Hotel Guindy,Café,9am to 11pm(Mon-Sun),Good,3.8,178,Daal baati churma,Boredom stress
Bhakshana By Paati Veedu,1000,ChineseThai,Chennai,Paati Veedu T.Nagar,Casual Dining,1230pm to 11pm(Mon-Sun),Very Good,4.1,196,Daal puri,nan
Arabian Kebab Center,700,Fast Food,Chennai,Kodambakkam,Quick Bites,9am to 11pm(Mon-Sun),Average,3.1,235,Dal makhani ,sadness stressed boredom
Lyfe By Soul Garden Bistro,350,South Indian,Chennai,Kilpauk,Casual Dining,12noon to 11pm(Mon-Sun),Very Good,4.1,223,Dal tadka,boredom and stress
Mathsya,200,ChineseMomosWrapsBurger,Chennai,Egmore,Quick Bites,12noon to 1130pm(Mon-Sun),Very Good,4.2,147,Dum aloo,Boredom comfort hunger 
The Brew Room - The Savera Hotel,1500,Cafe,Chennai,The Savera Hotel RK Salai (Cathedral Road),Café,1pm to 1130pm(Mon-Thu)1pm to 1230AM(Fri-Sun),Very Good,4.1,197,Poha,stress boredom
Cafe Central,550,South IndianDesserts,Chennai,T. Nagar,Casual Dining,11am to 11pm(Mon-Sun),Very Good,4.1,211,Fara,Boredom
The Farm,500,BurgerFast Food,Chennai,Semmancheri,Quick Bites,11am to 11pm(Mon-Sun),Very Good,4,224,Kachori,happiness hunger sadness
Kipling Cafe,850,North IndianMughlai,Chennai,Kipling East Coast Road (ECR),Casual Dining,12noon to 1130pm(Mon-Sun),Good,3.5,200,Kadai paneer,boredom sadness
Radio Room,300,Fast FoodBakery,Chennai,Somerset Greenways,Quick Bites,10am to 11pm(Mon-Sun),Very Good,4.1,142,Kadhi pakoda,boredom
Va Pho - Asian Canteen,700,North IndianChineseContinental,Chennai,Gopalapuram,Lounge,12noon to 11pm(Mon-Fri)12midnight to 11pm...,Good,3.9,146,Karela bharta,Boredom sadness or with friends 
27 Culinary Street,200,Ice Cream,Chennai,Mylapore,Dessert Parlor,12noon to 12midnight(Mon-Sun),Very Good,4.1,33,Khichdi,Sadness Loneliness Boredom
Cream Stone,400,Fast Food,Chennai,Alwarpet,Quick Bites,11am to 11pm(Mon-Sun),Good,3.7,62,Kofta,Mostly Stress
Osteria By That Madras Place,350,Beverages,Chennai,Adyar,Beverage Shop,10am to 12midnight(Mon-Sun),Good,3.7,43,Kulfi falooda,boredom sadness 
The Waterfall Restaurant,800,North IndianSouth IndianEuropeanChineseItalian,Chennai,Vadapalani,Casual Dining,12noon to 11pm(Mon-Sun),Very Good,4.3,24,Lauki ke kofte,when i am sad or craving
Punjab Grill,350,North Indian,Chennai,Phoenix Market City Velachery,Quick Bites,5pm to 11pm(Mon-Sun),Good,3.8,83,Lauki ki subji,None
Tuscana Pizzeria,650,North IndianChinese,Chennai,Nungambakkam,Casual Dining,11am to 11pm(Mon-Sun),Good,3.7,82,Litti chokha,stress boredom college as whole 
Sera - The Tapas Bar & Restaurant,200,North Indian,Chennai,Gopalapuram,Bhojanalya,9am to 12midnight(Mon-Sun),Good,3.5,56,Makki di roti sarson da saag,boredom
Mash Resto Cafe,450,North IndianFast Food,Chennai,Besant Nagar,Quick Bites,11am to 11pm(Mon-Sun),Good,3.5,81,Misi roti,Boredom and stress
Bistro 1427,700,MughlaiNorth Indian,Chennai,Mylapore,Quick Bites,4pm to 11pm(MonWedThuFriSatSun)Closed...,Good,3.8,82,Mushroom do pyaza,Stress sadness boredom
Kobe Sizzlers,400,North Indian,Chennai,Phoenix Market City Velachery,Quick Bites,11am to 11pm(Mon-Sun),Good,3.5,17,Mushroom matar,Boredom sadness
Mr. Papdi,500,North IndianSouth IndianChineseContinental,Chennai,Velachery,Casual Dining,730am to 11pm(Mon-Sun),Good,3.9,50,Naan,laziness and hungover
Prems Graama Bhojanam,1100,North IndianChineseContinental,Chennai,Adyar,Lounge,11am to 12midnight(Mon-Sun),Good,3.8,71,Navrattan korma,Boredom hunger snacking.
Hoppipola,800,North IndianContinentalCafe,Chennai,The Spring Hotel Nungambakkam,Casual Dining,8am to 12midnight(Mon-Sun),Good,3.9,63,Palak paneer,Happiness sadness celebration.
The Chocolate Heaven,200,Fast FoodSouth Indian,Chennai,Alwarpet,Quick Bites,1pm to 11pm(Mon-Sun),Good,3.6,62,Paneer butter masala,Boredom anger and just being hungry in general.
Smoke Hub Barbeque,500,North IndianSouth IndianContinental,Chennai,Vadapalani,Casual Dining,1pm to 11pm(MonWedThuFriSatSun)6pm to ...,Good,3.8,57,Paneer tikka masala,Depression comfort accessibility 
Jokers Kitchen,500,North IndianSouth Indian,Chennai,Alwarpet,Casual Dining,12noon to 11pm(Mon-Sun),Good,3.8,41,Pani puri,they are yummy my boyfriend sometimes makes me sad boredom
Moon Rakers Restaurant,1000,North Indian,Chennai,Mahabalipuram,Bar,11am to 11pm(Mon-Sun),Good,3.7,51,Panjeeri,Sad bored excited
Faruuzi Multicuisine Restaurant,600,North IndianSouth IndianChinese,Chennai,GST Road,Casual Dining,730am to 1130pm(Mon-Sun),Good,3.5,35,Papad,boredom stress mood swings
Jalpaan,150,North Indian,Chennai,Nungambakkam,Casual Dining,9am to 11pm(Mon-Sun),Good,3.9,39,Paratha,Anger sadness
Haagen Dazs,250,Beverages,Chennai,Nungambakkam,Quick Bites,930am to 1130pm(Mon-Sun),Good,3.6,39,Pattor,Anxiousness watching TV I desire comfort food 
Bombay Halwa House,300,North IndianBiryaniChineseRolls,Chennai,Kilpauk,Quick Bites,3pm to 1130pm(MonWedThuFriSatSun)...,Good,3.7,64,Pindi chana,Boredom sadness anxiety
Vascos - Hilton Chennai,500,Fast FoodDesserts,Chennai,Hilton Chennai Guindy,Quick Bites,11am to 11pm(Mon-Sun),Good,3.7,32,Rajma chaval,Boredom laziness anger
US 101 - Be-A-Sport,600,Biryani,Chennai,GLM Meridian Hotel T. Nagar,Casual Dining,12noon to 1am(Mon-Sun),Good,3.7,55,Rongi,Stress and sadness
Cafe De Paris,550,Mughlai,Chennai,Foodies Kitchen,Quick Bites,5pm to 11pm(MonWedThuFriSat)Closed...,Good,3.5,67,Samosa,I am always stressed out and bored when I am in my apartment. 
Sapthagiri Tiffin Centre,500,Bakery,Chennai,T. Nagar,Bakery,11am to 12midnight(Mon-Sun),Good,3.9,59,Sattu ki roti,Stress sadness boredom
Uttar Bhojan,500,North IndianChineseItalianContinental,Chennai,Valasaravakkam,Café,12noon to 12midnight(Mon-Sun),Good,3.7,19,Shahi paneer,Stress frustration self-consciousness 
Hamsa,1200,North Indian,Chennai,Adyar,Casual Dining,7am to 11pm(Mon-Sun),Average,2.5,51,Shahi tukra,Sadness and cravings
Haven Sampoorna,1000,North IndianChineseContinentalSouth Indian,Chennai,Velachery,Casual Dining,8am to 11pm(Mon-Sun),Good,3.9,66,Vegetable jalfrezi,boredom
The Royals Biryani,1200,MughlaiKebab,Chennai,Perungudi,Quick Bites,12noon to 11pm(Mon-Sun),Good,3.8,57,Tandoori Chicken,Sadness happiness and boredom
The Cascade,300,Fast FoodBakery,Chennai,Nungambakkam,Quick Bites,11am to 11pm(Mon-Sun),Good,3.5,27,Tandoori Fish Tikka,Boredom and sadness
Pakwan Chennai,250,North IndianChinese,Chennai,T. Nagar,Quick Bites,11am to 11pm(Mon-Sun),Good,3.8,56,Attu,sadness happiness and hunger
Aasife & Brothers Biriyani Centre,500,BiryaniMughlaiKebab,Chennai,Thuraipakkam,Quick Bites,9am to 12midnight(Mon-Sun),Good,3.8,69,Avial,Stress boredom and physical activity
Smoke Hub Barbeque,800,North IndianChinese,Chennai,Velachery,Casual Dining,11am to 11pm(Mon-Sun),Good,3.9,34,Bisi bele bath,loneliness homework boredom 
Sigree Global Grill,200,Fast Food,Chennai,The Spring Hotel Nungambakkam,Quick Bites,1pm to 11pm(MonWedThuFriSatSun)Closed...,Good,3.6,57,Currivepillai sadam ,When im  eating with my close friends/ Food smell or look good/ when I feel tired
Shyams Bombay Halwa House,200,North Indian,Chennai,T. Nagar,Dhaba,1130am to 1130pm(Mon-Sun),Good,3.6,65,Dosa,Stress and boredom 
Asia Kitchen by Mainland China,600,North IndianSouth IndianChinese,Chennai,The Spring Hotel Nungambakkam,Casual Dining,8am to 12noon1pm to 4pm7pm to 11pm(Mon-Sun),Good,3.7,58,Idiappam,Happiness boredom social event
Bhatinda Xpress,400,North IndianSouth Indian,Chennai,Thuraipakkam,Quick Bites,10am to 11pm(Mon-Sun),Good,3.6,52,Idli,boredom and sadness 
Waffles Thru The Day,550,South IndianChineseNorth Indian,Chennai,Adyar,Casual Dining,4pm to 11pm(Mon-Sun),Good,3.6,59,Kanji,Loneliness / Homesick / Sadness
Roast And Grills - Green Park Hotel,200,MithaiFast Food,Chennai,Green Park Hotel Vadapalani,Sweet Shop,7am to 11pm(Mon-Sun),Good,3.8,31,Kaara kozhambu,sadness
Tryst Cafe,900,North IndianChineseContinentalSouth Indian,Chennai,Neelangarai,Casual Dining,6am to 11pm(Mon-Sun),Good,3.7,42,Keerai kootu,happiness they are some of my favorite foods
Chai Galli,150,North Indian,Chennai,Besant Nagar,Dhaba,10am to 11pm(Mon-Sun),Good,3.7,36,Keerai masiyal,hormones Premenstrual syndrome.
Sea Mount,300,North Indian,Chennai,Aminijikarai,Quick Bites,7am to 11pm(Mon-Sun),Average,2.9,44,Keerai sadam,Stress bored anger
Benjarong,300,North Indian,Chennai,Alwarpet,Quick Bites,10am to 11pm(Mon-Sun),Good,3.6,30,Keerai poriyal,stress sadness
Hotelkaar Biriyani,200,Fast Food,Chennai,T. Nagar,Kiosk,5pm to 11pm(Mon-Sun),Average,3.4,42,Beef Fry,Boredom
Pandias Avenue,400,North IndianChineseContinental,Chennai,Royapuram,Casual Dining,11am to 11pm(Mon-Sun),Average,3.2,55,Kootu,Stress boredom cravings 
Nivis Kitchen,600,BakeryContinental,Chennai,Egatoor,Quick Bites,11am to 11pm(MonWedThuFriSatSun)11am...,Good,3.6,56,Kos kootu,None i dont eat comfort food. I just eat when im hungry.
Al Ajwain,300,BakeryDesserts,Chennai,Porur,Bakery,10am to 11pm(Mon-Sun),Good,3.6,41,Koshambri,stress boredom
Krispy Kreme,200,North Indian,Chennai,Express Avenue MallRoyapettah,Bhojanalya,9am to 12midnight(Mon-Sun),Average,3.1,16,Kothamali sadam,I eat comfort food when im stressed out from school(finals week) when I`m sad or when i am dealing with personal family issues.
Bindaas Rasoi,200,Bakery,Chennai,Sholinganallur,Bakery,11am to 11pm(Mon-Sun),Good,3.6,66,Kuzhakkattai,Boredom 
Curry and Spices,1500,CafeChineseContinentalIndian,Chennai,Kodambakkam,Café,6pm to 1230AM(Mon-Fri)1pm to 1230AM(Sat-Sun),Good,3.7,45,Kuzhambu,Stress anger and sadness 
Pangali Virundhu,300,MughlaiAfghan,Chennai,Ambattur,Quick Bites,12noon to 11pm(Mon-Sun),Average,3.3,27,Masala Dosa,Boredom 
Aachi Chettinadu,400,CafeChineseContinental,Chennai,Porur,Quick Bites,9am to 1130pm(Mon-Sun),Average,2.8,57,Pachadi,sadness stress cold weather
The Good Spot,400,ItalianNorth Indian,Chennai,Adyar,Quick Bites,11am to 11pm(Mon-Sun),Good,3.5,45,Paniyaram,Sadness boredom late night snack 
Dragons Den,250,Cafe,Chennai,Adyar,Café,11am to 11pm(MonWedThuFriSatSun)4pm...,Good,3.9,36,Papadum,stress  boredom special occasions
Real Food Mall,250,South IndianStreet Food,Chennai,Potheri,Food Truck,5pm to 11pm(Mon-Sun),Average,3.3,56,Paravannam,Friends environment and boredom
Aqua - The Park,300,Fast Food,Chennai,The Park Nungambakkam,Quick Bites,930am to 11pm(Mon-Sun),Average,3,26,Payasam,boredom
Night Eat,400,North Indian,Chennai,Choolaimedu,Quick Bites,12noon to 11pm(Mon-Sun),Good,3.5,55,Paruppu sadam,Stress 
Up North - The Raintree,500,ChineseStreet Food,Chennai,The Raintree Teynampet,Quick Bites,1230pm to 1045pm(Mon-Sun),Good,3.5,60,Pesarattu,I usually only eat comfort food when Im bored if i am doing something i can go for hours without eating 
Little North,300,AmericanBeveragesBiryaniContinentalIndianNorth IndianPizza,Chennai,Kilpauk,Quick Bites,10am to 11pm(Mon-Sun),Good,3.5,37,Poriyal,Sadness stress
BNB Live Grill,300,BakeryDessertsFast Food,Chennai,Navallur,Bakery,10am to 11pm(Mon-Sun),Good,3.5,30,Puli sadam,boredom sadness hungry
Mr. Sandwich,750,CafeFast FoodChinese,Chennai,Pallavaram,Café,12noon to 11pm(Mon-Sun),Good,3.5,48,Rasam,happiness satisfaction
Rumali Restaurant,350,North Indian,Chennai,Potheri,Dhaba,3pm to 1130pm(Mon-Sun),Good,3.5,47,Puttu,Mostly boredom
ID,100,Street Food,Chennai,Sathyam Cinemas Complex Royapettah,Quick Bites,11am to 10pm(Mon-Wed)12midnight to 121AM11am...,Good,3.8,38,Sambar,sadness depression 
Dallay,400,Fast FoodMomos,Chennai,Velachery,Quick Bites,4pm to 11pm(Mon-Sun),Good,3.5,53,Sandige,Stress and boredom 
Coastal Aroma - Seafood Restaurant,500,ChineseFast Food,Chennai,Thuraipakkam,Quick Bites,12noon to 11pm(Mon-Sun),Good,3.6,41,Sevai,A long day not feeling well winter 
Mithai Mandir,500,North Indian,Chennai,Vadapalani,Casual Dining,7am to 11pm(Mon-Sun),Good,3.6,41,Thayir sadam,boredom
Chennight Restaurant,200,North Indian,Chennai,Shenoy Nagar,Quick Bites,6pm to 11pm(Mon-Sun),Good,3.7,54,Theeyal,Boredom lazyniss 
Once Upon A Time - Green Park Hotel,500,North IndianChineseContinental,Chennai,Green Park Hotel Vadapalani,Casual Dining,7am to 11pm(Mon-Sun),Average,3.4,33,Uttapam,Boredom 
Rangis,300,North Indian,Chennai,Nungambakkam,Quick Bites,9am to 11pm(Mon-Sun),Good,3.8,30,Vada,survival bored
Quality Restaurant,200,North Indian,Chennai,Selaiyur,Quick Bites,10am to 11pm(Mon-Sun),Average,3.3,13,Chicken Varuval,Boredom anger drunkeness
Excelent Biriyani,150,Fast FoodItalian,Chennai,West Mambalam,Quick Bites,1030am to 10pm(Mon-Wed)10am to 11pm(Thu-Sun),Good,3.7,32,Upma,stress boredom cold weather
Zuka,700,ChineseContinentalDessertsNorth IndianPizzaRollsSandwichSouth Indian,Chennai,Mylapore,Quick Bites,10am to 11pm(Mon-Sun),Good,3.5,46,Amti,stres boredom and nighttime
Hola,500,North IndianMughlai,Chennai,Citadines,Casual Dining,11am to 11pm(Mon-Sun),Average,3,24,Zunka,Hunger and Boredom 
Zeeshan Restaurant - Apna Hyderabadi Food,850,North IndianChineseFast FoodSouth Indian,Chennai,Perungudi,Casual Dining,11am to 11pm(Mon-Sun),Good,3.9,52,Kolim Jawla,boredom sadness and if it has a good taste. 
Bay View - Taj Fishermans Cove Resort & Spa,100,Desserts,Chennai,Taj Fishermans Cove Resort & Spa Kanchipuram District,Dessert Parlor,7am to 11pm(Mon-Sun),Average,3.3,36,Saath,boredom stressed sad
Shiraz Art Cafe,600,MughlaiNorth Indian,Chennai,Neelangarai,Quick Bites,11am to 11pm(Mon-Sun),Good,3.5,37,Bajri no rotlo,Boredom usually
Absolute Thai,750,North IndianChineseSouth Indian,Chennai,Foodies Kitchen,Casual Dining,9am to 11pm(Mon-Sun),Average,3.1,41,Coconut vadi,boredom
Behrouz Biryani,200,ChineseContinentalNorth Indian,Chennai,Nungambakkam,Quick Bites,11am to 11pm(Mon-Sun),Average,3.3,39,Bhakri,Stress
Paprika - Courtyard by Marriott,650,North IndianChineseFast Food,Chennai,Courtyard by Marriott Teynampet,Casual Dining,8am to 11pm(Mon-Sun),Good,3.6,35,Bombil fry,boredom stress
Asian Station,250,South IndianPizzaChineseDesserts,Chennai,Anna Nagar East,Quick Bites,11am to 11pm(Mon-Sun),Average,3.3,28,Chakali,No reasons 
Mana Andhra,400,Fast FoodItalianChinese,Chennai,Nungambakkam,Quick Bites,11am to 11pm(Mon-Sun),Average,3.4,33,Chevdo,Usually if Im sad or depressed. 
Kuuraku,200,Bakery,Chennai,Vadapalani,Bakery,1030am to 12midnight(Mon-Sun),Average,3.3,15,Chorafali,Tired 
Dunkin Donuts,400,North IndianSouth IndianChinese,Chennai,Phoenix Market City Velachery,Casual Dining,11am to 11pm(Mon-Sun),Good,3.6,32,Copra paak,Boredom! sadness
Nellai Fast Food,900,North IndianSouth Indian,Chennai,Thousand Lights,Casual Dining,11am to 11pm(Mon-Sun),Good,3.6,42,Daal Dhokli,All of the above; sadness boredom and confusion 
Alchemy Bar & Lounge,850,North IndianSouth IndianChinese,Chennai,Hotel Rajpark Alwarpet,Casual Dining,11am to 11pm(Mon-Sun),Good,3.6,46,Kutchi dabeli,Stress boredom craving
Aasife Biriyani,400,IndianNorth Indian,Chennai,GST Road,Quick Bites,12noon to 11pm(Mon-Sun),Average,2.8,37,Dahi vada,Hunger boredom
Hunger Palato,1400,ChineseNorth Indian,Chennai,Medavakkam,Casual Dining,11am to 1130pm(Mon-Sun),Good,3.8,26,Dalithoy,sadness boredom & anger 
Daalchini,200,North Indian,Chennai,Chromepet,Quick Bites,11am to 11pm(Mon-Sun),Average,3.1,6,Dhokla,Boredom happiness distraught 
Aasife & Brothers Biriyani Centre,500,ChineseFast FoodMughlaiNorth IndianRolls,Chennai,St. Thomas Mount,Quick Bites,10am to 11pm(Mon-Sun),Good,3.7,44,Dudhi halwa,stressed upset or just craving a cheat meal
Donut House,200,Ice Cream,Chennai,Egmore,Dessert Parlor,11am to 11pm(Mon-Sun),Average,3.3,18,Gatta curry,They taste better than other food. They are a pickme up. They are easy to make
Tangerine,300,Fast Food,Chennai,Alwarpet,Quick Bites,11am to 11pm(Mon-Sun),Average,3.4,45,Gud papdi,Stress boredom
Convo@C20,700,MughlaiNorth Indian,Chennai,Adyar,Quick Bites,4pm to 11pm(Mon-Sun),Good,3.6,27,Ghooghra,Lazy
Bay 146 - The Savera Hotel,800,North IndianContinental,Chennai,The Savera Hotel RK Salai (Cathedral Road),Casual Dining,11am to 11pm(Mon-Sun),Average,3.4,38,Handwo,Boredom sadness and anger 
Kim Ling,800,Cafe,Chennai,Anna Nagar East,Quick Bites,10am to 1130pm(Mon-Sun),Average,2.9,15,Halvasan,Boredom sadness
Petuk,1000,ChineseContinentalNorth Indian,Chennai,Perungudi,Casual Dining,12noon to 1130pm(Mon-Sun),Good,3.6,28,Jeera Aloo,stress anger and boredom
Peshawri - ITC Grand Chola,200,Indian,Chennai,ITC Grand Chola Guindy,Quick Bites,11am to 11pm(Mon-Sun),Average,3.4,15,Kansar,bored stress
Off The Record,650,South Indian,Chennai,Nungambakkam,Casual Dining,8am to 11pm(Mon-Sun),Good,3.8,22,Keri no ras,I usually only eat comfort foods when I am bored. I will also eat them when I am happy to celebrate and then when I am sad to comfort me.
Gangotree,300,North Indian,Chennai,Gopalapuram,Bhojanalya,10am to 12midnight(Mon-Sun),Good,3.5,29,Khakhra,Just cause 
Thoondil,200,Fast FoodDesserts,Chennai,Akkarai,Quick Bites,9am to 11pm(MonWedThuSatSun)9pm to 11pm...,Average,2.8,28,Khandvi,Stress boredom sadness
Faasos,500,North IndianChineseFast Food,Chennai,Porur,Quick Bites,2pm to 11pm(Mon-Sun),Good,3.6,24,Kombdi vade,Boredom. Celebration. 
Mylai Karpagambal Mess,900,North IndianContinental,Chennai,Mylapore,Casual Dining,11am to 11pm(Mon-Sun),Average,3.1,18,Laapsi,Sadness boredom lonely.
Spectra - The Leela Palace,200,Desserts,Chennai,The Leela Palace MRC Nagar,Dessert Parlor,12noon to 11pm(Mon-Sun),Average,3.4,20,Koshimbir,I do not really eat comfort food but I guess sadness special occasions and anxiety 
Hotel Mass,400,North IndianChineseContinental,Chennai,Adambakkam,Casual Dining,11am to 11pm(Mon-Sun),Average,3.4,26,Methi na Gota,boredom sadness
Moonlight Takeaway & Delivery,1000,North IndianChineseContinental,Chennai,T. Nagar,Casual Dining,9am to 11pm(Mon-Sun),Average,3.4,29,Mohanthal,sadness
Parambriym,400,North Indian,Chennai,Anna Nagar West,Dhaba,9am to 11pm(Mon-Sun),Good,3.6,29,Muthiya,Bordem happiness sadness
Food By Night,350,North Indian,Chennai,Perungudi,Dhaba,4pm to 1130pm(Mon-Sun),Average,3.2,37,Patra,boredom
The Miner Diner,400,North IndianContinentalFast Food,Chennai,Nungambakkam,Quick Bites,1230pm to 1045pm(Mon-Sun),Average,3.4,22,Pav Bhaji,sadness
Layalee,500,North IndianSouth IndianFast Food,Chennai,Ekkaduthangal,Quick Bites,10am to 1130pm(Mon-Sun),Good,3.6,39,Puri Bhaji,Boredom
Prive Restaurant,500,North Indian,Chennai,Mylapore,Casual Dining,11am to 11pm(Mon-Sun),Average,3.3,29,Sabudana Khichadi,Stress sadness bored 
Wangs Kitchen,600,North IndianChinese,Chennai,Nungambakkam,Casual Dining,10am to 11pm(Mon-Sun),Good,3.5,26,Sev khamani,Boredom stress and it tastes good
Cheesy Juicy Burgers,500,North IndianChineseContinentalSouth Indian,Chennai,Anna Nagar East,Quick Bites,11am to 11pm(Mon-Sun),Average,3.1,34,Sev tameta,Bad day bored sadness
Amaravathi,600,North IndianChineseContinental,Chennai,Gopalapuram,Casual Dining,7am to 11pm(Mon-Sun),Poor,2.3,25,Namakpara,Boredom being in your period and long bus rides for softball
Bombay Kulfi,1250,North IndianChineseContinental,Chennai,Adyar,Casual Dining,630am to 1130pm(Mon-Sun),Average,2.7,24,Sukhdi,boredom anger happy
The Great Kabab Factory - Radisson Blu GRT Hotel,250,Beverages,Chennai,Radisson Blu GST Road,Quick Bites,11am to 11pm(Mon-Sun),Good,3.6,33,Surnoli,Boredom stress
LunchPI @fs,600,North Indian,Chennai,Taramani,Casual Dining,8am to 11pm(Mon-Sun),Average,3.2,9,Thalipeeth,nan
Naga Reju Fast Food,700,North IndianChinese,Chennai,Choolaimedu,Casual Dining,10am to 11pm(Mon-Sun),Good,3.5,24,Undhiyu,sadness stressed boredom
Kake Da Punjabi Dhabba,300,BakeryFast Food,Chennai,Perungudi,Bakery,8am to 12midnight(Mon-Sun),Good,3.7,22,Veg Kolhapuri,boredom and stress
New Kurinji,1500,ChineseContinentalFast FoodFinger FoodNorth Indian,Chennai,Pallavaram,Casual Dining,7am to 10am12noon to 3pm7pm to 11pm(Mon-Sun),Good,3.6,18,Vindaloo,Boredom comfort hunger 
Kuttanad Restaurant,150,North Indian,Chennai,Adyar,Dhaba,8am to 12midnight(Mon-Sun),Good,3.6,26,Lilva Kachori,stress boredom
Thaligai,200,Mithai,Chennai,Mylapore,Sweet Shop,10am to 11pm(Mon-Sun),Good,3.5,21,Mag Dhokli,Boredom
Nolita,1000,North IndianSouth Indian,Chennai,Nungambakkam,Casual Dining,11am to 11pm(Mon-Sun),Average,3.1,30,Khichu,happiness hunger sadness
Food Nirvana,400,Fast Food,Chennai,RA Puram,Quick Bites,5pm to 11pm(Mon-Sun),Good,3.8,217,Thepla,boredom sadness
Drizzle By The Beach,400,BakeryDessertsSandwichBurgerPizzaFast Food,Chennai,Palavakkam,Dessert Parlor,11am to 11pm(Mon-Sun),Very Good,4,134,Farsi Puri,boredom
Ox & Tomato,600,CafeItalian,Chennai,Teynampet,Café,1pm to 11pm(Mon-Sun),Good,3.9,206,Khaman,Boredom sadness or with friends 
Pasha - The Park,600,South IndianNorth IndianChinese,Chennai,The Park Nungambakkam,Casual Dining,12noon to 1045pm(Mon-Sun),Very Good,4.1,193,Turiya Patra Vatana sabji,Sadness Loneliness Boredom
Teppan,150,Street Food,Chennai,Alwarpet,Quick Bites,2pm to 11pm(Mon-Sun),Very Good,4.2,161,Churma Ladoo,Mostly Stress
Mahamudra,300,South IndianNorth IndianChinese,Chennai,Mylapore,Quick Bites,11am to 11pm(Mon-Sun),Good,3.7,192,Cheera Doi,boredom sadness 
Seacrest MGM Beach Restobar,400,DessertsMexicanItalianFast Food,Chennai,Muttukadu,Dessert Parlor,10am to 12midnight(Mon-Sun),Very Good,4.3,124,Gheela Pitha,when i am sad or craving
Al Kebabish,800,North IndianChineseLebaneseContinentalMediterraneanMexican,Chennai,Anna Nagar East,Quick Bites,3pm to 12midnight(Mon-Sun),Very Good,4,51,Khar,None
Fika,300,BeveragesJuicesFast Food,Chennai,Adyar,Beverage Shop,11am to 11pm(Mon-Sun),Very Good,4.1,151,Kumol Sawul,stress boredom college as whole 
Spice Haat - Hyatt Regency,700,CafeFast Food,Chennai,Hyatt Regency Teynampet,Café,12noon to 11pm(Mon-Sun),Very Good,4.1,228,Luchi,boredom
Masaledaar Firangi Tadka,300,Fast Food,Chennai,Nungambakkam,Quick Bites,1pm to 10pm(Mon-Sun),Very Good,4.4,410,Alu Pitika,Boredom and stress
Dhabba Express,400,North Indian,Chennai,Teynampet,Casual Dining,12midnight to 330am11am to 12midnight(Mon-Sun),Good,3.8,140,Masor tenga,Stress sadness boredom
Cafe CakeBee,600,Chinese,Chennai,Alwarpet,Quick Bites,1230pm to 1030pm(Mon-Thu)1230pm to 1045pm...,Good,3.8,169,Bengena Pitika,Boredom sadness
Lattitude 49,400,Fast Food,Chennai,Grande Bay Resort,Quick Bites,12noon to 1130pm(Mon-Sun),Very Good,4,121,Bilahi Maas,laziness and hungover
D Cafe,400,Street Food,Chennai,T. Nagar,Food Truck,5pm to 11pm(Mon-Sun),Very Good,4,116,Black rice,Boredom hunger snacking.
Scooped,200,ChineseNorth Indian,Chennai,Velachery,Quick Bites,11am to 11pm(Mon-Sun),Average,3.3,27,Bora Sawul,Happiness sadness celebration.
Al Rayan,300,Fast FoodBakery,Chennai,Selaiyur,Quick Bites,830am to 11pm(Mon-Sun),Good,3.5,25,Brown Rice,Boredom anger and just being hungry in general.
The Velveteen Rabbit,400,ChineseDessertsFast FoodSandwich,Chennai,RA Puram,Café,11am to 11pm(Mon-Sun),Average,2.6,25,Chingri malai curry,Depression comfort accessibility 
Eagle Boys Pizza,400,North Indian,Chennai,Adyar,Quick Bites,11am to 11pm(Mon-Sun),Average,3.2,24,Goja,they are yummy my boyfriend sometimes makes me sad boredom
Barbecue Kitchen,500,North IndianChinese,Chennai,Ambattur,Casual Dining,12noon to 11pm(Mon-Sun),Average,2.9,15,Hando Guri,Sad bored excited
Italiano,300,North IndianSouth IndianChinese,Chennai,Anna Nagar East,Quick Bites,9am to 11pm(Mon-Sun),Average,3.3,10,Haq Maas,boredom stress mood swings
Santé Spa Cuisine,200,Fast Food,Chennai,Nungambakkam,Quick Bites,10am to 11pm(Mon-Sun),Good,3.5,21,Chingri Bhape,Anger sadness
Dhaba In The City,350,North IndianChinese,Chennai,Perungudi,Quick Bites,11am to 11pm(Mon-Sun),Poor,2.4,26,Kabiraji,Anxiousness watching TV I desire comfort food 
Nasi Kandar Pelita,400,Biryani,Chennai,T. Nagar,Quick Bites,11am to 11pm(Mon-Sun),Average,3.3,7,Khorisa,Boredom sadness anxiety
Mirchi Cuisine,200,South Indian,Chennai,Thuraipakkam,Quick Bites,11am to 11pm(Mon-Sun),Good,3.6,28,Koldil Chicken,Boredom laziness anger
The Noodle Theory,250,South Indian,Chennai,Kilpauk,Food Truck,6pm to 11pm(Mon-Sun),Good,3.5,17,Konir Dom,Stress and sadness
AGS Biryanis,150,Chinese,Chennai,GST Road,Food Truck,6pm to 11pm(Mon-Sun),Average,3,23,Koldil Duck,I am always stressed out and bored when I am in my apartment. 
The English Tearoom,400,MughlaiNorth Indian,Chennai,Alwarpet,Quick Bites,6pm to 11pm(Mon-Sun),Good,3.6,38,Masor Koni,Stress sadness boredom
Bharat Bistro,200,North IndianFast Food,Chennai,Teynampet,Quick Bites,2pm to 11pm(Mon-Sun),Average,3.3,10,Mishti Chholar Dal,Stress frustration self-consciousness 
The Wharf 2.0 - Radisson BLU  Templebay,600,North IndianChinese,Chennai,Radisson Blu Temple Bay Mamallapuram,Casual Dining,730am to 1030am1230pm to 330pm730pm to ...,Average,2.7,21,Pakhala,Sadness and cravings
That Mallu Joint,400,North Indian,Chennai,T. Nagar,Dhaba,9am to 3am(Mon-Sun),Average,3.4,19,Pani Pitha,boredom
Ponnusamy Hotels,200,Fast FoodSouth IndianStreet Food,Chennai,Nungambakkam,Quick Bites,12noon to 11pm(Mon-Sun),Average,3.4,12,Payokh,Sadness happiness and boredom
The Madras Diner Multicuisine Restaurant,500,ItalianFast Food,Chennai,Mogappair,Quick Bites,11am to 11pm(Mon-Sun),Good,3.5,13,Prawn malai curry,Boredom and sadness
Cafe G - Holiday Inn,150,Street Food,Chennai,Holiday Inn Chennai OMR IT Expressway,Quick Bites,2pm to 12midnight(Mon-Sun),Average,3.3,23,Red Rice,sadness happiness and hunger
Grillz,200,Fast Food,Chennai,Injambakkam,Quick Bites,11am to 11pm(Mon-Sun),Average,2.9,22,Shukto,Stress boredom and physical activity
Movenpick Ice Cream Boutique,800,North IndianChineseContinental,Chennai,Nungambakkam,Casual Dining,6am to 11pm(Mon-Sun),Average,2.8,14,Til Pitha,loneliness homework boredom 
Hotel Virudhunagar,200,North Indian,Chennai,T. Nagar,Quick Bites,8am to 11pm(Mon-Sun),Average,3.3,7,Bebinca,When im  eating with my close friends/ Food smell or look good/ when I feel tired
Pasta Square,150,North Indian,Chennai,Gopalapuram,Bhojanalya,8am to 11pm(Mon-Sun),Good,3.6,23,Shufta,Stress and boredom 
Ovenfresh Pizzas and Cakes,500,North Indian,Chennai,Velachery,Casual Dining,1pm to 11pm(Mon-Sun),Average,3.3,16,Mawa Bati,Happiness boredom social event
Episode 23,750,North Indian,Chennai,Anna Nagar East,Casual Dining,7am to 11pm(Mon-Sun),Poor,2.4,19,Pinaca,boredom and sadness 
Krishnavillasam - The Home Of Classics,400,North Indian,Chennai,Adyar,Quick Bites,10am to 11pm(Mon-Sun),Good,3.6,24,chips ice cream fruit snacks,Loneliness / Homesick / Sadness
The Kandyan,300,ChineseMomos,Chennai,Besant Nagar,Quick Bites,1pm to 12midnight(Mon-Sun),Average,2.8,22,Macaroni and cheese chicken noodle soup pizza,sadness
Famous Theory,250,CafeFast FoodBeverages,Chennai,Hotel Centre Point Sholinganallur,Quick Bites,11am to 11pm(Mon-Sun),Average,2.8,5,Chocolate Chips Ice cream French Fires Pizza,happiness they are some of my favorite foods
Nungambakkam Chaat Corner,1000,North IndianChineseContinental,Chennai,Nungambakkam,Casual Dining,8am to 11pm(Mon-Sun),Poor,2.4,16,Mac and cheese lasagna Chinese food ,hormones Premenstrual syndrome.
R&R @ OMR Food Plaza,800,North IndianChinese,Chennai,Sholinganallur,Casual Dining,8am to 11pm(Mon-Sun),Average,2.8,15,candy Chinese mcdonalds,Stress bored anger
The Kitchen - The Raintree,200,Fast FoodBakery,Chennai,The Raintree Teynampet,Quick Bites,11am to 11pm(Mon-Sun),Good,3.6,8,Doritos mac and cheese ice cream,stress sadness
Hotel Sennthur,1000,North IndianSouth IndianChinese,Chennai,Thousand Lights,Casual Dining,9am to 12midnight(Mon-Fri)24,Average,3.3,16,Ice cream cake pop pizza and milkshakes.,Boredom
China Town,300,ChineseNorth Indian,Chennai,Gopalapuram,Quick Bites,6pm to 11pm(Mon-Sun),Average,3.3,23,Mac and Cheese Pizza Ice Cream and French Fries ,Stress boredom cravings 
Pally Tastee Fast Food,100,Paan,Chennai,Perambur,Paan Shop,10am to 12midnight(Mon-Sun),Good,3.5,21,Soup pasta cake,None i dont eat comfort food. I just eat when im hungry.
The Mayflower,800,North IndianChinese,Chennai,T. Nagar,Casual Dining,8am to 11pm(Mon-Sun),Poor,2.3,18,mac & cheese frosted brownies chicken nuggs,stress boredom
Novelty Tea House,250,Fast FoodBakery,Chennai,Sowcarpet,Bakery,11am to 11pm(Mon-Sun),Average,2.9,26,watermelon grapes ice cream,I eat comfort food when im stressed out from school(finals week) when I`m sad or when i am dealing with personal family issues.
Locofeast,200,Mithai,Chennai,Nungambakkam,Sweet Shop,730am to 11pm(Mon-Sun),Average,3.3,21,macaroni and cheese stuffed peppers hamburgers french fries,Boredom 
Inzy’s Garden Restaurant,200,Mithai,Chennai,Egatoor,Sweet Shop,10am to 11pm(Mon-Sun),Average,3.3,9,Pizza mashed potatoes spaghetti,Stress anger and sadness 
Wok Monk,800,North IndianChineseMughlaiContinental,Chennai,Anna Nagar West,Casual Dining,8am to 11pm(Mon-Sun),Average,3.3,15,dark chocolate terra chips reeses cups(dark chocolate) and bread/crackers with cottage cheese,Boredom 
Broken Bridge Cafe,200,North Indian,Chennai,Somerset Greenways,Dhaba,9am to 3am(Mon-Sun),Average,2.8,20,Chips chocolate mozzarella sticks ,sadness stress cold weather
Firdouse,500,RajasthaniNorth Indian,Chennai,Triplicane,Quick Bites,11am to 11pm(Mon-Sun),Average,3.2,17,ice cream chips candy,Sadness boredom late night snack 
Indiska Magic,200,South Indian,Chennai,Chetpet,Quick Bites,5pm to 1130pm(Mon-Sun),Average,3,9,Pizza soda chocolate brownie chicken tikka masala and butter naan ,stress  boredom special occasions
Anjappar,1500,North IndianChineseContinental,Chennai,Porur,Casual Dining,12noon to 3pm7pm to 12midnight(Mon-Sun),Average,3.4,18,Chocolate Pasta Cookies,Friends environment and boredom
Menaka - Hotel Palmgrove,200,South Indian,Chennai,Hotel Palmgrove Nungambakkam,Quick Bites,11am to 11pm(Mon-Sun),Average,3.3,15,Candy salty snacks toast,boredom
Ilapuram Biryani,600,North IndianChineseSouth Indian,Chennai,Porur,Casual Dining,11am to 11pm(Mon-Sun),Average,3.4,12,Mac in cheese pizza mozzarella sticks ,Stress 
The Leather Bar - The Park,200,MithaiFast Food,Chennai,The Park Nungambakkam,Sweet Shop,6am to 11pm(Mon-Sun),Average,3.3,9,Ice-cream pizza chocolate,I usually only eat comfort food when Im bored if i am doing something i can go for hours without eating 
The Potroast,250,North Indian,Chennai,Porur,Dhaba,8am to 12midnight(Mon-Sun),Average,3,7,snacks chips ,Sadness stress
Top Notch,350,BakeryDesserts,Chennai,Anna Nagar East,Bakery,11am to 11pm(Mon-Sun),Average,3.1,11,Chocolate Ice cream pizza,boredom sadness hungry
Aegam,200,North Indian,Chennai,Selaiyur,Quick Bites,4pm to 11pm(Mon-Sun),Average,3.1,7,ice cream pizza Chinese food ,meh
The Bombay Fries,750,North Indian,Chennai,Nungambakkam,Casual Dining,7am to 11pm(Mon-Sun),Average,2.6,13,"Burgers indian and korean food",over the moon 
Savya Rasa,150,Street Food,Chennai,Kotturpuram,Quick Bites,4pm to 11pm(Mon-Sun),Good,3.5,19,chocolate bar ice cream pretzels potato chips and protein bars.,triggered 
Southern Spice - Taj Coromandel,700,North IndianChinese,Chennai,Taj Coromandel Nungambakkam,Casual Dining,11am to 11pm(Mon-Sun),Average,3,12,Ice cream chocolate pizza cucumber ,good
Winterfell,1100,North IndianChineseContinental,Chennai,Velachery,Casual Dining,6am to 1130pm(Mon-Sun),Average,3.4,10,"Noodle ( any kinds of noodle) Tuna sandwich and Egg.",blessed 
Bombaysthan,500,North IndianRolls,Chennai,Adyar,Quick Bites,11am to 11pm(Mon-Sun),Average,3,21,Chinese chips cake,meh
Swiss Hutte,300,Bakery,Chennai,Thousand Lights,Bakery,11am to 11pm(Mon-Sun),Average,3.3,8,chips rice chicken curry,meh
Underbelly,150,North Indian,Chennai,Anna Nagar West,Quick Bites,12noon to 12midnight(Mon-Sun),Average,3.1,11,wine. mac and cheese pizza ice cream ,excited 
Coffee Central,400,North Indian,Chennai,T. Nagar,Casual Dining,11am to 11pm(Mon-Sun),Average,3.2,9,Pizza / Wings / Cheesecake,blessed 
196 Degree Below,400,North Indian,Chennai,Alwarpet,Dhaba,3pm to 1130pm(Mon-Sun),Good,3.5,18,rice potato seaweed soup,good
Zing Wing Restaurant,200,Fast FoodNorth IndianChinese,Chennai,Avadi,Quick Bites,5pm to 1130pm(Mon-Sun),Average,3.1,16,Mac n Cheese Lasagna Pizza,weak
Nammaa Kitchen,400,North IndianChineseContinental,Chennai,Taramani,Casual Dining,11am to 11pm(Mon-Sun),Average,2.9,15,Chocolates pizza and Ritz.,sick
Kefi - Taj Club House,400,Mithai,Chennai,Taj Club House Thousand Lights,Sweet Shop,6am to 11pm(Mon-Sun),Average,3.4,11,sausage food product,good
Kaaraikudi,600,Mithai,Chennai,Ashok Nagar,Sweet Shop,11am to 11pm(Mon-Sun),Average,3.2,15,hot dog,triggered 
Cafe Society,200,Fast FoodChinese,Chennai,Tambaram,Quick Bites,5pm to 11pm(Mon-Sun),Average,3.1,6,egg food product,sick
Shakos,200,Fast FoodBakery,Chennai,Nungambakkam,Confectionery,11am to 11pm(Mon-Sun),Average,3.1,8,white grapefruit juice,meh
WOW! Momo,400,North Eastern,Chennai,Phoenix Market City Velachery,Quick Bites,11am to 11pm(Mon-Sun),Average,3.2,12,peach (whole raw),bad
Winners Bakery,800,North IndianMughlaiChineseContinental,Chennai,Alwarpet,Casual Dining,7am to 1130pm(Mon-Sun),Average,2.8,12,Chinese gooseberry,meh
Spice Trail,750,North IndianChineseSouth Indian,Chennai,Egmore,Casual Dining,11am to 11pm(Mon-Sun),Average,3.3,19,Kaju katli,happiest day
Parfait Cakes And Bakes,750,North IndianMughlai,Chennai,Velachery,Quick Bites,11am to 11pm(Mon-Sun),Average,3.3,10,Kalakand,blessed 
Carnival Food And Entertainment Zone,650,North Indian,Chennai,Pallikaranai,Casual Dining,9am to 12midnight(Mon-Sun),Average,2.6,20,Kheer,yolo
Waters Edge Cafe - Radisson BLU Temple Bay,100,Street Food,Chennai,Radisson Blu Temple Bay Mamallapuram,Quick Bites,3pm to 11pm(Mon-Sun),Average,3.4,15,Laddu,meh
Food Box,700,North IndianChinese,Chennai,Karapakkam,Casual Dining,8am to 11pm(Mon-Sun),Average,2.8,13,Lassi,blessed 
Kapila Dasa,300,ChineseNorth IndianSouth Indian,Chennai,Express Avenue MallRoyapettah,Quick Bites,11am to 11pm(Mon-Sun),Average,2.7,20,Nankhatai,angry
Coffeetales,200,Fast Food,Chennai,Anna Nagar East,Quick Bites,11am to 11pm(Mon-Sun),Average,3,5,Petha,meh
Chai Kings,400,North Indian,Chennai,Anna Nagar East,Quick Bites,11am to 11pm(Mon-Sun),Average,2.9,8,Phirni,Hunger boredom
Santrupti Vegeterian,300,North Indian,Chennai,Ramapuram,Quick Bites,11am to 11pm(Mon-Sun),Average,3.2,9,Rabri,sadness boredom & anger 
The Barbarian Turf,400,North IndianItalian,Chennai,Potheri,Casual Dining,11am to 12midnight(Mon-Sun),Good,3.5,14,Sheera,Boredom happiness distraught 
Signal Tod Cafe,800,North IndianContinentalChinese,Chennai,OMR Food Street Guduvancheri,Casual Dining,12noon to 12midnight(Mon-Sun),Average,2.9,11,Singori,stressed upset or just craving a cheat meal
Royal Indianaa - The Accord Metropolitan,300,Bakery,Chennai,The Accord Metropolitan T. Nagar,Bakery,10am to 11pm(Mon-Sun),Average,3.3,11,Sohan halwa,They taste better than other food. They are a pickme up. They are easy to make
Guest Hotel,500,DessertsIce Cream,Chennai,Kilpauk,Quick Bites,11am to 11pm(Mon-Sun),Good,3.5,14,Sohan papdi,Stress boredom
Nawabs Dine,400,Fast Food,Chennai,Potheri,Quick Bites,24,Average,2.9,16,Chhena jalebi,Lazy
Ramzan Mehal Briyani,200,JuicesIce Cream,Chennai,Kilpauk,Beverage Shop,11am to 11pm(Mon-Sun),Average,3.1,10,Chhena kheeri,Boredom sadness and anger 
Arcot Biriyani,500,North IndianChineseFast Food,Chennai,Porur,Quick Bites,12noon to 1130pm(Mon-Sun),Average,3.3,7,Rasabali,Boredom sadness
Drunken Monkey,800,CafeItalianMexicanContinentalNorth Indian,Chennai,Nungambakkam,Casual Dining,3pm to 11pm(Mon-Sun),Average,3,7,Ras malai,stress anger and boredom
Al Souk,150,South Indian,Chennai,Nungambakkam,Quick Bites,5pm to 11pm(Mon-Sun),Average,3.3,16,Rasgulla,bored stress
Hotel Delma,350,North Indian,Chennai,Porur,Casual Dining,9am to 12midnight(Mon-Sun),Average,3.4,13,Sandesh,I usually only eat comfort foods when I am bored. I will also eat them when I am happy to celebrate and then when I am sad to comfort me.
Above Sea Level - The Raintree,250,Fast FoodDesserts,Chennai,The Raintree Alwarpet,Quick Bites,11am to 11pm(Mon-Sun),Average,3.2,6,Adhirasam,Just cause 
Ambur Star Biryani,150,BeveragesDesserts,Chennai,Velachery,Beverage Shop,6pm to 12midnight(Mon-Sun),Good,3.5,12,Ariselu,Stress boredom sadness
Gusto Cafe,200,Lebanese,Chennai,Nungambakkam,Quick Bites,2pm to 11pm(Mon-Sun),Average,3.1,7,Bandar laddu,Boredom. Celebration. 
Sachin Ka Dhabba,300,RollsSandwichBurgerPizzaBakery,Chennai,Thuraipakkam,Quick Bites,11am to 11pm(Mon-Sun),Average,3.2,5,Chikki,Sadness boredom lonely.
Grill House,400,North IndianSouth IndianContinentalFast Food,Chennai,Nungambakkam,Quick Bites,10am to 11pm(Mon-Sun),Average,2.8,12,Dharwad pedha,I do not really eat comfort food but I guess sadness special occasions and anxiety 
Anise - Taj Coromandel,400,North IndianFast Food,Chennai,Taj Coromandel Nungambakkam,Bhojanalya,11am to 11pm(Mon-Sun),Average,3.2,6,Double ka meetha,boredom sadness
The Coffee Bean & Tea Leaf,400,Mithai,Chennai,Phoenix Market City Velachery,Sweet Shop,7am to 11pm(Mon-Sun),Average,3,10,Gavvalu,sadness
Kebab@Lake Street,500,North IndianFast Food,Chennai,Velachery,Kiosk,6pm to 11pm(Mon-Sun),Average,3.4,11,Kakinada khaja,Bordem happiness sadness
Brunchies All Day,100,Street Food,Chennai,Anna Nagar West,Quick Bites,4pm to 11pm(Mon-Sun),Average,3.2,7,Kuzhi paniyaram,boredom
Anus Punjabi Dhaba,300,Fast Food,Chennai,Gopalapuram,Quick Bites,12noon to 11pm(Mon-Sun),Average,3,10,Mysore pak,sadness
Tosai Club,450,North IndianChinese,Chennai,Thuraipakkam,Casual Dining,24,Average,2.9,10,Obbattu holige,Boredom
Idlies,600,North IndianChinese,Chennai,Ashok Nagar,Casual Dining,8am to 11pm(Mon-Sun),Average,3.2,8,Palathalikalu,Stress sadness bored 
Hotel Beach House,300,North IndianSouth IndianChinese,Chennai,Potheri,Casual Dining,10am to 11pm(Mon-Sun),Average,2.7,10,Poornalu,Boredom stress and it tastes good
Munveedu,200,North Indian,Chennai,Adyar,Quick Bites,11am to 11pm(Mon-Sun),Average,2.8,11,Pongal,Bad day bored sadness
Avartana - ITC Grand Chola,250,North IndianBeveragesItalian,Chennai,ITC Grand Chola Guindy,Quick Bites,11am to 11pm(Mon-Sun),Average,2.8,8,Pootharekulu,Boredom being in your period and long bus rides for softball
Old Madras Baking Company,300,North IndianChineseItalian,Chennai,Alwarpet,Quick Bites,3pm to 11pm(Mon-Sun),Average,3.3,9,Qubani ka meetha,boredom anger happy
Dakshin - Crowne Plaza Chennai Adyar Park,1000,North Indian,Chennai,Crowne Plaza Chennai Adyar Park Alwarpet,Bar,12noon to 12midnight(Mon-Sun),Average,3.2,8,Sheer korma,Boredom stress
Hot Chips,250,North Indian,Chennai,Medavakkam,Dhaba,24,Average,2.8,9,Unni Appam,nan
Hotel Kalyana Bhavan Biriyani,850,North IndianChineseContinental,Chennai,Egmore,Casual Dining,7am to 1030am1230pm to 3pm7pm to 11pm...,Average,3.3,12,Kajjikaya,yolo
Mansukh Sweets & Snacks,150,BakeryDesserts,Chennai,Ashok Nagar,Bakery,930am to 1130pm(Mon-Sun),Average,2.9,7,Anarsa,focused 
Atte - Glocal Cafe,350,Biryani,Chennai,Besant Nagar,Food Truck,12noon to 11pm(Mon-Sun),Average,3.3,8,Basundi,confused 
The Hideout Bistro,1000,North IndianChinese,Chennai,Anna Nagar East,Casual Dining,8am to 11pm(Mon-Sun),Average,3,10,Dhondas,wondering
Cafe 23,700,North IndianChineseFast Food,Chennai,Anna Nagar East,Casual Dining,130pm to 1130pm(Mon-Sun),Average,3.4,12,Doodhpak,angry
Cafe H,300,Fast Food,Chennai,Anna Nagar West,Quick Bites,11am to 11pm(Mon-Sun),Average,3.2,6,Mahim halwa,wondering
Chaa,200,Fast FoodMithai,Chennai,Perungudi,Quick Bites,8am to 11pm(Mon-Sun),Average,3.2,7,Modak,blessed 
Tea Villa Cafe,350,North IndianFast Food,Chennai,T. Nagar,Quick Bites,11am to 11pm(Mon-Sun),Average,3,4,Shankarpali,yolo
National Lodge,150,North Indian,Chennai,Sowcarpet,Dhaba,8am to 12midnight(Mon-Sun),Average,2.9,7,Shrikhand,excited 
Urban Desi House,1000,ChineseContinentalNorth Indian,Chennai,Thuraipakkam,Casual Dining,9am to 11pm(Mon-Sun),Average,3.1,7,Sutar feni,yolo
Urban Lounge,150,Street Food,Chennai,Hotel Centre Point Sholinganallur,Quick Bites,4pm to 11pm(Mon-Sun),Average,3.2,4,Maach Jhol,focused 
London Grill N Shake,700,North IndianFinger Food,Chennai,Egatoor,Casual Dining,11am to 11pm(Mon-Sun),Average,3,4,Pork Bharta,Chill
Arabian Rooster,300,North IndianChinese,Chennai,K.K. Nagar,Quick Bites,11am to 11pm(Mon-Sun),Average,3.2,5,Chak Hao Kheer,focused 
Madurai Nachiar,500,PizzaFast FoodBakery,Chennai,Velachery,Quick Bites,9am to 11pm(Mon-Sun),Good,3.8,94,Galho,focused 
Mathura Restaurant,500,CafeNorth IndianMughlaiItalianChinese,Chennai,Triplicane,Café,11am to 11pm(Mon-Sun),Very Good,4,156,Aloo gobi,excited 
Sher E Punjab,400,Rajasthani,Chennai,Perungudi,Casual Dining,11am to 315pm7pm to 10pm(Mon-Sun),Very Good,4.2,447,Aloo tikki,focused 
Kolapasi Takeaway,300,North IndianFast Food,Chennai,Aminijikarai,Quick Bites,1pm to 11pm(MonTueThuSatSun)1pm to ...,Good,3.8,121,Aloo matar,yolo
Piano - The Savera Hotel,150,Street Food,Chennai,The Savera Hotel RK Salai (Cathedral Road),Quick Bites,1pm to 11pm(Mon-Sun),Good,3.8,137,Aloo methi,wondering
Al Beck,200,North IndianDesserts,Chennai,Ambattur,Quick Bites,8am to 11pm(Mon-Sun),Good,3.5,158,Aloo shimla mirch,focused 
Shubh,1000,North Indian,Chennai,Nungambakkam,Casual Dining,11am to 11pm(Mon-Sun),Very Good,4.1,115,Bhatura,blessed 
Al Shafin Multi Cuisine Restaurant,150,North IndianStreet FoodMithai,Chennai,Perungudi,Quick Bites,7am to 10pm(Mon-Sun),Very Good,4,155,Bhindi masala,hungry 
The Belgian Waffle Co.,800,North Indian,Chennai,Nungambakkam,Casual Dining,11am to 1120pm(Mon-Sun),Very Good,4.1,138,Biryani,happiest day
Hot Kitchen,200,TeaFast Food,Chennai,Tambaram,Quick Bites,11am to 10pm(Mon-Sat)10am to 10pm(Sun),Very Good,4.2,105,Butter chicken,wondering
New Pattukottai Kamatchi Mess,250,BurgerSandwichFast FoodPizzaRollsBakery,Chennai,T. Nagar,Quick Bites,1030am to 10pm(Mon-Sun),Very Good,4.4,155,Chana masala,focused 
Shmoozies Hand-Crafted Ice Creams,800,North IndianSouth IndianChinese,Chennai,Egmore,Casual Dining,11am to 11pm(Mon-Sun),Good,3.7,110,Chapati,yolo
Rotiwala,200,CafeNorth IndianChinese,Chennai,Adyar,Café,10am to 9pm(Mon-Sun),Excellent,4.9,253,Chicken razala,focused 
Dynasty,800,North IndianRajasthaniGujarati,Chennai,Harrisons Hotel Nungambakkam,Casual Dining,12noon to 4pm7pm to 12midnight(Mon-Sun),Very Good,4.2,27,Chicken Tikka masala,weak
Aneef Biryani,350,North Indian,Chennai,T. Nagar,Dhaba,11am to 11pm(Mon-Sun),Good,3.7,115,Chicken Tikka,yolo
Cafe Mercara Express - ITC Grand Chola,200,Fast Food,Chennai,ITC Grand Chola Guindy,Quick Bites,10am to 11pm(Mon-Sun),Average,3.2,6,Chole bhature,blessed 
The Little White Kitchen,500,Mughlai,Chennai,Kilpauk,Quick Bites,11am to 11pm(Mon-Sun),Average,3.2,6,Daal baati churma,focused 
Citrus Cafe - Lemon Tree,500,ChineseNorth Indian,Chennai,Lemon Tree Hotel Guindy,Quick Bites,4pm to 11pm(Mon-Sun),Average,3.2,8,Daal puri,focused 
The Scoop Bar,200,Fast Food,Chennai,Anna Nagar East,Quick Bites,10am to 11pm(Mon-Sun),Average,3,4,Dal makhani ,weak
Sankranti,100,SandwichBurger,Chennai,Anna Nagar East,Quick Bites,11am to 11pm(Mon-Sun),Average,3.1,5,Dal tadka,focused 
The Cupcake Company,500,ChineseFast FoodNorth Indian,Chennai,Alwarpet,Quick Bites,7am to 1130pm(Mon-Sun),Average,3.1,8,Dum aloo,focused 
Mozza,600,Finger Food,Chennai,Anna Nagar East,Bar,11am to 11pm(Mon-Sun),Average,3.1,4,Poha,focused 
Majestic 1963,200,North Indian,Chennai,Nandanam,Quick Bites,11am to 11pm(Mon-Sun),Average,3.2,4,Fara,focused 
Inchins,250,BiryaniNorth Indian,Chennai,Anna Nagar West,Quick Bites,10am to 11pm(Mon-Sun),Average,3.1,4,Kachori,excited 
Kebapci,1500,North IndianMughlaiContinentalChinese,Chennai,Nungambakkam,Quick Bites,12noon to 11pm(Mon-Sun),Average,3.1,4,Kadai paneer,focused 
Shalimar,100,Fast Food,Chennai,Perambur,Quick Bites,12noon to 12midnight(Mon-Sun),Average,3.1,4,Kadhi pakoda,focused 
Amar Fast Food & Restaurant,250,North IndianChinese,Chennai,T. Nagar,Quick Bites,11am to 11pm(Mon-Sun),Average,3,4,Karela bharta,meh
Ajanabi,350,North Indian,Chennai,Egmore,Quick Bites,11am to 12midnight(Mon-Sun),Average,3,4,Khichdi,blessed 
Winter Palace,800,North IndianItalian,Chennai,Alwarpet,Casual Dining,11am to 11pm(Mon-Sun),Average,3.2,6,Kofta,focused 
DINE,500,Mughlai,Chennai,Express Avenue MallRoyapettah,Quick Bites,11am to 11pm(Mon-Sun),Average,2.8,8,Kulfi falooda,wondering
Matta Veg Food Corner,600,North Indian,Chennai,Ashok Nagar,Casual Dining,11am to 11pm(Mon-Sun),Average,3.1,4,Lauki ke kofte,focused 
Buzz - Vivanta Chennai,750,North IndianMughlaiChinese,Chennai,Vivanta Chennai IT Expressway Sholinganallur ,Casual Dining,10am to 11pm(Mon-Sun),Average,3.1,7,Lauki ki subji,focused 
Rehoboth Biriyani and Kebabs,350,North Indian,Chennai,Thiruvanmiyur,Quick Bites,9am to 11pm(Mon-Sun),Average,3,4,Litti chokha,focused 
Suryas Chettinad Multi Cuisine Restaurant,200,Fast Food,Chennai,Sholinganallur,Quick Bites,8am to 11pm(Mon-Sun),Average,3.1,6,Makki di roti sarson da saag,awful
Kalos,400,ChineseIndianNorth Indian,Chennai,Besant Nagar,Quick Bites,11am to 11pm(Mon-Sun),Average,3.1,6,Misi roti,focused 
Galitos,200,Ice Cream,Chennai,Velachery,Dessert Parlor,12noon to 11pm(Mon-Sun),Average,3.1,5,Mushroom do pyaza,focused 
Table 9,800,BeveragesChineseContinentalNorth IndianSouth Indian,Chennai,Potheri,Casual Dining,7am to 11pm(Mon-Sun),Average,3.1,5,Mushroom matar,focused 
Seagull - Taj Fishermans Cove Resort & Spa,200,North Indian,Chennai,Taj Fishermans Cove Resort & Spa Kanchipuram District,Bhojanalya,12noon to 1130pm(Mon-Sun),Average,3,6,Naan,blessed 
Pappa Roti,400,MithaiNorth IndianSouth IndianFast Food,Chennai,Phoenix Market City Velachery,Quick Bites,11am to 11pm(Mon-Sun),Average,3,4,Navrattan korma,focused 
